slice,ci_lower_diskomfort,ci_upper_diskomfort,mean_diskomfort,ci_lower_anger_sm,ci_upper_anger_sm,mean_fl_anger_sm,ci_lower_disgust_sm,ci_upper_disgust_sm,mean_fl_disgust_sm,ci_lower_fear_sm,ci_upper_fear_sm,mean_fl_fear_sm,ci_lower_happiness_sm,ci_upper_happiness_sm,mean_fl_happiness_sm,ci_lower_sadness_sm,ci_upper_sadness_sm,mean_fl_sadness_sm,ci_lower_surprise_sm,ci_upper_surprise_sm,mean_fl_surprise_sm,ci_lower_neutral_sm,ci_upper_neutral_sm,mean_fl_neutral_sm,mean_rel_zeit_s
1,,,0,-0.338862087257957,0.0983204149023635,-0.120270836177797,-0.0914244634643686,0.485977869378876,0.197276702957254,-0.0764229367459243,0.602620209488273,0.263098636371174,-0.24975698841466,0.303478707258511,0.0268608594219254,-0.458034691738512,0.0902136755510787,-0.183910508093717,-0.245437608228648,0.229395719130524,-0.00802094454906189,-0.177099433205152,0.444228828303181,0.133564697549014,560
2,,,0,-0.33012367238469,0.144329624290252,-0.0928970240472193,-0.139950163947457,0.436375359785285,0.148212597918914,-0.0699636923812348,0.623218367048096,0.276627337333431,-0.228340764594632,0.299571632636987,0.0356154340211775,-0.407096172791878,0.227303794680565,-0.0898961890556567,-0.200212771837394,0.318178582958319,0.0589829055604626,-0.217685503624514,0.389859233349246,0.0860868648623662,560.11641
3,,,0,-0.353517326417064,0.225479517955247,-0.064018904230909,-0.188378848655613,0.321036017888097,0.0663285846162418,-0.0648222832859895,0.586969706831911,0.261073711772961,-0.222916976242032,0.308541649737143,0.0428123367475553,-0.317428125507015,0.387881224784226,0.0352265496386054,-0.145479357847366,0.456786430661317,0.155653536406976,-0.248108069901794,0.304904646144653,0.0283982881214296,560.216426871795
4,,,0,-0.340322350953543,0.245505738107097,-0.0474083064232231,-0.247461888477514,0.248934910129787,0.000736510826136499,-0.0699053158009251,0.540425049943702,0.235259867071388,-0.191337125168479,0.306802057495509,0.0577324661635152,-0.262072755149915,0.486603934660766,0.112265589755425,-0.113378408110058,0.575683703409792,0.231152647649867,-0.199516521066898,0.27917144186755,0.039827460400326,560.315880564103
5,,,0,-0.352284092317042,0.0911494335332222,-0.13056732939191,-0.304459387004804,0.18879407601576,-0.0578326554945221,-0.142605599720245,0.429026693212017,0.143210546745886,-0.198538104720988,0.23402223397335,0.0177420646261812,-0.238029974280503,0.485434117487048,0.123702071603273,-0.0870552820931561,0.629233447352361,0.271089082629603,-0.151061546483338,0.30122539977007,0.0750819266433662,560.415898538462
6,,,0,-0.324573725815334,0.0815486919920331,-0.121512516911651,-0.297640984902789,0.195241071266919,-0.0511999568179347,-0.222410807980462,0.261471455687101,0.0195303238533194,-0.187559291034235,0.375991974842184,0.0942163419039745,-0.21061190801522,0.455156497971553,0.122272294978167,-0.114152534825755,0.601017659488017,0.243432562331131,-0.109411565594728,0.351771449234704,0.121179941819988,560.51641025641
7,,,0,-0.350965950660511,0.109355085754732,-0.120805432452889,-0.192460031079727,0.277907726270946,0.0427238475956095,-0.292950575958006,0.227129624403215,-0.0329104757773957,-0.177389003983318,0.491255216578198,0.15693310629744,-0.186214562117247,0.332731677692902,0.0732585577878276,-0.208295024229887,0.342809697327743,0.0672573365489278,-0.11760827552065,0.355277797553311,0.11883476101633,560.61641
8,,,0,-0.304686509217052,0.161021758431337,-0.0718323753928573,-0.123120004492003,0.418098689436175,0.147489342472086,-0.337576456177757,0.146314305038766,-0.0956310755694953,-0.171645332237364,0.401055599741766,0.114705133752201,-0.155130953055095,0.308559869179526,0.0767144580622154,-0.298116924235607,0.0911795141180468,-0.10346870505878,-0.0749289675630068,0.398788122466001,0.161929577451497,560.716426871795
9,,,0,-0.240836170199993,0.234061799950709,-0.00338718512464166,-0.143204508427736,0.411306290031461,0.134050890801862,-0.329327988451119,0.108712911132733,-0.110307538659193,-0.163704154907555,0.335589537023557,0.0859426910580013,-0.203882515642051,0.263379840710659,0.029748662534304,-0.330215508490371,0.0308748398840589,-0.149670334303156,-0.0417154219236947,0.460028553654003,0.209156565865154,560.816137102564
10,,,0,-0.164762588652155,0.341049192315651,0.0881433018317478,-0.15395557808627,0.342932806460497,0.0944886141871136,-0.33871361068425,0.112440800384222,-0.113136405150014,-0.197315689511381,0.231750464906125,0.0172173876973719,-0.250027010163947,0.220501033319401,-0.0147629884222732,-0.260137012531225,0.122235147904843,-0.0689509323131911,-0.0475327177331443,0.508453189907153,0.230460236087004,560.91615425641
11,,,0,-0.191934098987426,0.790905630643525,0.299485765828049,-0.149880878901561,0.319147944138827,0.0846335326186332,-0.338422563993275,0.102067411999586,-0.118177575996845,-0.221159630902426,0.236036045970055,0.00743820753381444,-0.254674770852731,0.197026670034666,-0.0288240504090325,-0.190026679792481,0.242504409237478,0.0262388647224982,-0.0822546274331055,0.488268262631184,0.203006817599039,561.015897435897
12,,,0,-0.150548351651589,0.41433740129885,0.131894524823631,-0.18371162698761,0.355139606557024,0.0857139897847069,-0.357235427227428,0.0453017775867216,-0.155966824820353,-0.254621160384077,0.339540330134685,0.0424595848753045,-0.206651551308497,0.238274486576166,0.0158114676338343,-0.216937861582202,0.241300039029808,0.0121810887238027,-0.0350135225383021,0.486376475037033,0.225681476249365,561.115897948718
13,,,0,-0.227549041498594,0.171822762186031,-0.0278631396562815,-0.194724099636851,0.337865584697884,0.0715707425305166,-0.387498323812723,-0.00189698143200175,-0.194697652622362,-0.300518835732719,0.329032815717222,0.0142569899922515,-0.183141916064364,0.300053666268149,0.0584558751018925,-0.286909802758962,0.17283034741622,-0.0570397276713711,0.0219368894201433,0.522312522485399,0.272124705952771,561.216426871795
14,,,0,-0.218120520761834,0.221441604590077,0.00166054191412132,-0.197154503028072,0.303363449876745,0.0531044734243365,-0.422022650077932,-0.0224678952155052,-0.222245272646719,-0.264294055920562,0.203039091363742,-0.0306274822784098,-0.189371889419791,0.301731954969065,0.0561800327746369,-0.320743852654578,0.125910508940004,-0.097416671857287,-0.0019509730843307,0.499505132403685,0.248777079659677,561.316393641026
15,,,0,-0.255742613020302,0.152785404453216,-0.0514786042835431,-0.196754695084835,0.31590704693152,0.0595761759233422,-0.461732826114776,-0.0514790536888439,-0.25660593990181,-0.218914902583295,0.182346926597285,-0.0182839879930048,-0.174109172905241,0.295591165425913,0.0607409962603362,-0.38324964899736,0.0444850408836166,-0.169382304056872,-0.0587943746816473,0.431140424581335,0.186173024949844,561.416410820513
16,,,0,-0.236658083904734,0.245937973556831,0.00463994482604823,-0.218048859808378,0.314888728433984,0.0484199343128031,-0.472196135108925,-0.0590297407359354,-0.26561293792243,-0.186556324285235,0.220559095465385,0.017001385590075,-0.176148786406251,0.297980704502386,0.0609159590480676,-0.433479945687445,-0.018238519921755,-0.2258592328046,-0.0962102573559847,0.361476556375335,0.132633149509675,561.51641025641
17,,,0,-0.26155865440608,0.213696199435016,-0.0239312274855319,-0.214016130161501,0.291514497930351,0.038749183884425,-0.511258797509799,-0.126106821094514,-0.318682809302156,-0.159198356786263,0.246064272422114,0.0434329578179256,-0.176328837830392,0.317272110616341,0.0704716363929747,-0.432590434617777,-0.028929628733965,-0.230760031675871,-0.0563697558486033,0.402169564159882,0.172899904155639,561.616411025641
18,,,0,-0.22530354839026,0.217214404548459,-0.00404457192090041,-0.211678769393974,0.270044965089485,0.0291830978477553,-0.541039779597727,-0.149205279854312,-0.345122529726019,-0.165778112588541,0.397307446115191,0.115764666763325,-0.232030722209634,0.245035450536224,0.00650236416329502,-0.382174190055348,0.0507752025489452,-0.165699493753201,-0.051034439265241,0.424460614325216,0.186713087529987,561.716427897436
19,,,0,-0.219908170968033,0.136120018237837,-0.0418940763650976,-0.232937236058476,0.263840500849607,0.0154516323955658,-0.522952671190183,-0.114369718501623,-0.318661194845903,-0.147032310202506,0.398862912398575,0.125915301098034,-0.280815620194293,0.195063446718863,-0.0428760867377148,-0.323829956485809,0.201767562944867,-0.0610311967704707,-0.0477179856615988,0.422406151823504,0.187344083080953,561.815880564103
20,,,0,-0.280373690084875,0.110974710580232,-0.0846994897523213,-0.235233028937323,0.310422557624949,0.0375947643438128,-0.493557921818091,-0.0773884655472262,-0.285473193682658,-0.111506365730158,0.44853334962839,0.168513491949116,-0.307338403202991,0.144183019070245,-0.0815776920663728,-0.315427011787161,0.313468902519697,-0.000979054633732254,-0.0723920540407964,0.382379851098133,0.154993898528668,561.915898307692
21,-0.0102331246596686,0.0307459451724892,0.0102564102564103,-0.331814940916071,0.130312169360057,-0.100751385778007,-0.210977763253382,0.325253846167267,0.0571380414569429,-0.452374724090799,-0.0250110618790467,-0.238692892984923,-0.143546977092595,0.409553628267379,0.133003325587392,-0.330285700322473,0.0860012224052831,-0.122142238958595,-0.295787148376255,0.337108086968715,0.0206604692962304,-0.0573674470165818,0.407627683499516,0.175130118241467,562.01641025641
22,-0.015349686989503,0.0461189177587337,0.0153846153846154,-0.361554183079065,0.0811388499551477,-0.140207666561958,-0.228010041465611,0.277317707688557,0.024653833111473,-0.42884972109335,0.0313163827604587,-0.198766669166446,-0.148059052871027,0.417483749368548,0.13471234824876,-0.303160407119026,0.109101580494759,-0.0970294133121335,-0.234123889961707,0.281005209302751,0.023440659670522,-0.033404054111592,0.42812893878955,0.197362442338979,562.11641
23,,,0,-0.372572181606843,0.0189483739885016,-0.176811903809171,-0.16686636953948,0.325259826512996,0.0791967284867581,-0.433763842668538,-0.0102214707604185,-0.221992656714478,-0.12312085986421,0.35746556870158,0.117172354418685,-0.272839337333381,0.108399143778093,-0.0822200967776439,-0.270362586672955,0.203265488715717,-0.0335485489786194,0.00993644120933756,0.449428477556973,0.229682459383155,562.216426871795
24,,,0,-0.363316793417323,-0.0680188600736528,-0.215667826745488,-0.174226482005984,0.349477040364887,0.0876252791794513,-0.429537822124277,-0.0397541792585239,-0.234646000691401,-0.0737483994843472,0.385126762600324,0.155689181557988,-0.217038204233095,0.147920663085765,-0.0345587705736654,-0.314284039324943,0.153966264160563,-0.0801588875821903,-0.0100683911045287,0.432537068582514,0.211234338738993,562.316393897436
25,,,0,-0.327603411288196,-0.0360735862587211,-0.181838498773459,-0.196803113233375,0.314656816973063,0.0589268518698441,-0.465144163527837,-0.115352580424855,-0.290248371976346,-0.133711994014727,0.217524704672596,0.0419063553289348,-0.184334690536178,0.226243010356343,0.0209541599100824,-0.36510378226355,0.0721582074750163,-0.146472787394267,-0.0202665792317557,0.453165077382888,0.216449249075566,562.41641051282
26,,,0,-0.326418014749226,0.0961547006970775,-0.115131657026074,-0.191753776825424,0.262958674884113,0.0356024490293443,-0.433340304966641,-0.0591951618511024,-0.246267733408872,-0.192846826249104,0.33313498179278,0.0701440777718384,-0.116811359796868,0.310578961738571,0.0968838009708515,-0.409510933866048,-0.0204559442121396,-0.214983439039094,-0.126399309911966,0.386623326742166,0.1301120084151,562.51641025641
27,,,0,-0.357652983679941,0.0974874168505724,-0.130082783414684,-0.174228349215522,0.275157050714771,0.0504643507496247,-0.408893312816613,-0.0404590496036225,-0.224676181210118,-0.261058934814431,0.214060771737567,-0.0234990815384316,-0.0966772111717088,0.330102755051172,0.116712771939732,-0.382324092122728,0.0100024702683089,-0.186160810927209,-0.144704731674037,0.344424730767918,0.0998599995469405,562.61641025641
28,,,0,-0.371154074418521,0.113412120859753,-0.128870976779384,-0.160270066355423,0.343027566832156,0.0913787502383669,-0.361699784161405,-0.0443658054255697,-0.203032794793487,-0.28300392498815,0.157734151823028,-0.062634886582561,-0.195019940144387,0.247047408149352,0.0260137340024829,-0.298282914801404,0.143425430187072,-0.0774287423071662,-0.127479163948528,0.322968017937154,0.0977444269943131,562.716426871795
29,,,0,-0.401369555359066,0.0202186882058822,-0.190575433576592,-0.153038136584904,0.419446414322823,0.133204138868959,-0.337684000822195,0.0293233322429652,-0.154180334289615,-0.266691444596436,0.167635597008139,-0.0495279237941487,-0.263238163820889,0.165830735514041,-0.0487037141534237,-0.233491618391908,0.240727899391066,0.00361814049957915,-0.159400318868023,0.287712615787508,0.0641561484597426,562.815880564103
30,,,0,-0.430244884513763,-0.0710667576487105,-0.250655821081237,-0.131884231505479,0.452064103782177,0.160089936138349,-0.315771779296028,0.175948606993024,-0.069911586151502,-0.219282359172051,0.239185469788007,0.00995155530797841,-0.338087703478317,0.0668627415393775,-0.13561248096947,-0.19080122212069,0.306709083687898,0.0579539307836039,-0.166709436632244,0.319343097726085,0.0763168305469205,562.915898
31,,,0,-0.461484252519711,-0.205484450536411,-0.333484351528061,-0.16419717700557,0.436995375677618,0.136399099336024,-0.26989734295893,0.259540728079895,-0.00517830743951741,-0.190844460667922,0.424788476055384,0.116972007693731,-0.277918715544002,0.145429237745632,-0.0662447388991847,-0.213398154413511,0.30482684012404,0.0457143428552643,-0.178545050860192,0.320355236400719,0.0709050927702633,563.01641025641
32,-0.00511656232983432,0.0153729725862446,0.00512820512820513,-0.503877081601437,-0.213055021125056,-0.358466051363246,-0.213298905922828,0.391134358955309,0.0889177265162403,-0.280764687490982,0.269344281047376,-0.00571020322180319,-0.191731325173989,0.574057979903262,0.191163327364636,-0.253471109026309,0.212728671778158,-0.0203712186240758,-0.22817690694327,0.266174638423514,0.0189988657401219,-0.131445741350421,0.383856308135528,0.126205283392553,563.11641
33,-0.0665153102878462,0.19984864362118,0.0666666666666667,-0.560502504144138,-0.243353101595182,-0.40192780286966,-0.30007585040803,0.220189438652487,-0.0399432058777717,-0.275383893981685,0.240090698037137,-0.017646597972274,-0.20654586916031,0.443718775565231,0.118586453202461,-0.172752542437542,0.294496194716434,0.0608718261394459,-0.223190464821169,0.226829225385535,0.00181938028218296,-0.0680329390420001,0.397124201219911,0.164545631088955,563.216426871795
34,-0.0716318726176805,0.215221616207424,0.0717948717948718,-0.519761005203903,0.0099020437158523,-0.254929480744025,-0.298082224392745,0.179952087894286,-0.0590650682492296,-0.302673960421446,0.144022431802615,-0.0793257643094152,-0.186944198376446,0.588198178794454,0.200626990209004,-0.198992705394051,0.230320397645517,0.0156638461257326,-0.256255968789945,0.158540164640816,-0.0488579020745645,-0.00211249152402045,0.407353137102414,0.202620322789197,563.316393641026
35,-0.0255828116491716,0.0768648629312229,0.0256410256410256,-0.522853434409807,0.198288550396022,-0.162282442006892,-0.21737550133515,0.262260480056752,0.0224424893608011,-0.369614073452906,0.0540780278514847,-0.157768022800711,-0.187348939216033,0.570179166339191,0.191415113561579,-0.201185265681566,0.25509744732642,0.0269560908224271,-0.286901295778129,0.110081091883176,-0.0884101019474764,-0.0518459721985831,0.317211454100538,0.132682740950977,563.416410512821
36,,,0,-0.46996122436364,0.235285692103583,-0.117337766130028,-0.134640367847077,0.379597330307606,0.122478481230265,-0.476784169707791,-0.015052615130772,-0.245918392419281,-0.206755365584748,0.516855038782286,0.155049836598769,-0.127073184768588,0.344842069862539,0.108884442546975,-0.319447347788818,0.112793317506457,-0.10332701514118,-0.165890912369166,0.263265583790827,0.0486873357108305,563.51641025641
37,-0.00511656232983432,0.0153729725862446,0.00512820512820513,-0.361058607753357,0.086739778187253,-0.137159414783052,-0.114878251877426,0.411370674973251,0.148246211547912,-0.49444535917343,-0.017853992049708,-0.256149675611569,-0.227627802132247,0.319411698516829,0.0458919481922913,-0.108523158550797,0.369152610190653,0.130314725819928,-0.352435264355919,0.114574652697123,-0.118930305829398,-0.35180056780373,0.137195896318513,-0.107302335742608,563.61641
38,,,0,-0.346216411459936,-0.00236203460797387,-0.174289223033955,-0.152747405231056,0.34928000801379,0.0982663013913671,-0.435782448973163,0.107208495237522,-0.16428697686782,-0.276160195713031,0.0719367525581583,-0.102111721577436,-0.100776997281192,0.386239469878613,0.142731236298711,-0.312390944968548,0.118775681185786,-0.0968076318913808,-0.34022739082356,0.148405264256955,-0.0959110632833026,563.716426871795
39,,,0,-0.364782822081646,-0.0303822242653267,-0.197582523173486,-0.226224807782066,0.244699785979759,0.0092374890988463,-0.401206109589149,0.178185511353501,-0.111510299117824,-0.299344365145073,0.0673388649327341,-0.116002750106169,-0.123834132775601,0.345314012611946,0.110739939918172,-0.275030841025708,0.156722752801024,-0.0591540441123422,-0.242162236816017,0.243671218080737,0.000754490632359752,563.816393641026
40,,,0,-0.360511146642852,0.0702369637435652,-0.145137091449643,-0.329671885743479,0.147177014046169,-0.0912474358486551,-0.337447929384611,0.194275729445262,-0.0715860999696745,-0.25358830796819,0.170816881382017,-0.0413857132930864,-0.118487079091356,0.33546587836637,0.108489399637507,-0.25933033443765,0.175208837769916,-0.0420607483338672,-0.142502109159345,0.346240138048716,0.101869014444686,563.916410820513
41,-0.0102331246596686,0.0307459451724892,0.0102564102564103,-0.331316555579975,-0.022831248676753,-0.177073902128364,-0.387509893709547,0.118692497056156,-0.134408698326695,-0.312214663672332,0.143233090047988,-0.0844907868121721,-0.207814969469018,0.282797024005814,0.037491027268398,-0.119098433063459,0.376300572439462,0.128601069688002,-0.220348698262448,0.20030865300718,-0.0100200226276342,-0.0870733972218032,0.446180759577883,0.17955368117804,564.016153846154
42,-0.0306993739790059,0.0922378355174675,0.0307692307692308,-0.32276661542612,-0.0275239702954848,-0.175145292860802,-0.393358520448056,0.0679434269785368,-0.16270754673476,-0.276009083009544,0.158961350116172,-0.058523866446686,-0.247822754403844,0.308345842353435,0.0302615439747953,-0.111479591890512,0.41555039099241,0.152035399550949,-0.230623160878639,0.196550784416524,-0.0170361882310573,-0.101493306317663,0.44631496096928,0.172410827325809,564.116153782051
43,-0.0562821856281776,0.16910269844869,0.0564102564102564,-0.308025230253324,-0.0335837492346169,-0.170804489743971,-0.389016463990064,-0.00910217030417712,-0.199059317147121,-0.295337849067388,0.140429150236876,-0.077454349415256,-0.294203445634673,0.27469343269297,-0.00975500647085137,-0.169023905916336,0.380295739167001,0.105635916625333,-0.280885131078306,0.164334153537302,-0.0582754887705018,-0.148964784470373,0.418344876809413,0.13469004616952,564.216426871795
44,-0.0613987479580119,0.184475671034935,0.0615384615384615,-0.318608335780905,-0.0250854607030353,-0.17184689824197,-0.378657393433004,-0.0113465253291551,-0.195001959381079,-0.263283324918831,0.203607827931871,-0.0298377484934797,-0.336848914829403,0.147049152253727,-0.0948998812878384,-0.200218931791964,0.372689501519215,0.0862352848636255,-0.361556112194041,0.0628089106186788,-0.149373600787681,-0.188596114948004,0.3806671719763,0.0960355285141483,564.316137102564
45,-0.0665153102878462,0.19984864362118,0.0666666666666667,-0.290550806593496,0.0189617570225457,-0.135794524785475,-0.370603101432611,0.0293737102411504,-0.17061469559573,-0.241438217189219,0.273347421754121,0.0159546022824509,-0.293956141679269,0.182086443374503,-0.0559348491523829,-0.21519741749244,0.330066610438967,0.0574345964732639,-0.446953359130266,-0.0601661587612894,-0.253559758945778,-0.126732388052605,0.403989744674824,0.138628678311109,564.41615425641
46,-0.0869815596071835,0.261340533966158,0.0871794871794872,-0.314941454293876,0.00341868601596859,-0.155761384138954,-0.338921372203253,0.0741080030306947,-0.132406684586279,-0.225913309582166,0.319354523873949,0.0467206071458914,-0.318709242507697,0.245640297969162,-0.036534472269267,-0.214064650077056,0.320632391763438,0.053283870843191,-0.48388638785386,-0.0810235824687367,-0.282454985161298,-0.0873289458796707,0.43130653762924,0.171988795874785,564.51641025641
47,-0.0920981219370178,0.276713506552402,0.0923076923076923,-0.316934900763396,0.0102579944428554,-0.15333845316027,-0.296996097487472,0.164326776408941,-0.0663346605392655,-0.283300809289504,0.221986844467109,-0.0306569824111972,-0.309136064679935,0.332402975894336,0.0116334556072,-0.143587912466901,0.382063197893621,0.11923764271336,-0.511994016843175,-0.105686478280984,-0.308840247562079,-0.0847836816485924,0.39687769702223,0.156047007686819,564.61641
48,-0.0920981219370178,0.276713506552402,0.0923076923076923,-0.356125585910508,-0.077979183389141,-0.217052384649824,-0.270955012320093,0.257276719370816,-0.0068391464746386,-0.343269182731302,0.215412036350225,-0.0639285731905383,-0.290192878166541,0.651952025917746,0.180879573875602,-0.11846087934237,0.484654906704876,0.183097013681253,-0.483743842434957,-0.093147556290704,-0.28844569936283,-0.240555434490961,0.209789830840736,-0.0153828018251126,564.716426871795
49,-0.0920981219370178,0.276713506552402,0.0923076923076923,-0.384595818232857,-0.154889062866003,-0.26974244054943,-0.23717193827048,0.307951007976639,0.0353895348530795,-0.403548340908331,0.157642483797439,-0.122952928555446,-0.271316980809208,0.555945559921451,0.142314289556121,-0.184505652036872,0.457391758197828,0.136443053080478,-0.450213803720507,-0.0519321407508945,-0.251072972235701,-0.22765301187268,0.215019999777808,-0.00631650604743593,564.816393897436
50,-0.102403436008331,0.328044461649357,0.112820512820513,-0.35933101302222,-0.129559192657274,-0.244445102839747,-0.237792469735265,0.282772878371398,0.0224902043180664,-0.398648205491523,0.0777863508959323,-0.160430927297795,-0.26916181990703,0.336322655840585,0.0335804179667775,-0.242743530956779,0.411150784608,0.0842036268256109,-0.464687126266691,-0.0485850077239631,-0.256636066995327,-0.254105781688493,0.169434071498684,-0.0423358550949045,564.916410512821
51,-0.117680933586189,0.353578369483625,0.117948717948718,-0.311230438483279,-0.0505421386167563,-0.180886288550018,-0.244287945793256,0.220930465541649,-0.0116787401258035,-0.398437564407203,0.0359655367472486,-0.181236013829977,-0.323958536810691,0.0598690126669365,-0.132044762071877,-0.238657546529305,0.341603979843336,0.0514732166570153,-0.504591680955774,-0.0882033562067886,-0.296397518581281,-0.221802606193714,0.188933577180978,-0.0164345145063682,565.01641025641
52,-0.117680933586189,0.353578369483625,0.117948717948718,-0.298559625894165,0.102416670428809,-0.0980714777326782,-0.248095916665193,0.252340673812253,0.00212237857352997,-0.34139514535909,0.0909889105869834,-0.125203117386053,-0.403516175904273,-0.0212468501715517,-0.212381513037912,-0.222876400232452,0.285835726392825,0.0314796630801864,-0.503070379299397,-0.102578417515094,-0.302824398407245,-0.201854936242932,0.229763875496384,0.013954469626726,565.11641
53,-0.107447808926521,0.322832424311136,0.107692307692308,-0.296176347468851,0.168932143624017,-0.063622101922417,-0.25138211837553,0.287883355197557,0.0182506184110136,-0.31130714021033,0.144228514758168,-0.0835393127260811,-0.338734795058034,0.0546379528898119,-0.142048421084111,-0.254178172932684,0.26790460805936,0.00686321756333756,-0.486582924937378,-0.0928650934025272,-0.289724009169952,-0.169765432288551,0.296833460027399,0.0635340138694243,565.216426871795
54,-0.117680933586189,0.353578369483625,0.117948717948718,-0.322591043040271,0.0439404832017458,-0.139325279919262,-0.284139839365307,0.268374542830046,-0.00788264826763062,-0.300533895613219,0.198260692645613,-0.0511366014838029,-0.305195963428141,0.122299289011671,-0.091448337208235,-0.2300661079133,0.315419238303863,0.0426765651952816,-0.474762748500947,-0.0492973048626249,-0.262030026681786,-0.174372563961001,0.331575164942955,0.0786013004909769,565.316393641026
55,-0.122797495916024,0.36895134206987,0.123076923076923,-0.294577447196533,0.0556458326131225,-0.119465807291705,-0.367757579845617,0.120444314334564,-0.123656632755526,-0.286467205689502,0.198966080663629,-0.0437505625129366,-0.245922866156728,0.223965742562728,-0.0109785617970002,-0.193588278193063,0.36153262453082,0.0839721731688787,-0.399331117451325,0.0491092144098155,-0.175110951520755,-0.13880652960447,0.367228664876921,0.114211067636226,565.416410820513
56,-0.122797495916024,0.36895134206987,0.123076923076923,-0.2447106673119,0.272412810574852,0.0138510716314762,-0.44619099872424,0.0783536240762619,-0.183918687323989,-0.342906745004279,0.112765185561567,-0.115070779721356,-0.262153515192785,0.179790059536975,-0.0411817278279051,-0.22715495272564,0.35563337690258,0.0642392120884698,-0.32545988006417,0.150735369868561,-0.0873622550978044,-0.0927038987931228,0.41521003787859,0.161253069542733,565.51641025641
57,-0.138147182905527,0.415070259828604,0.138461538461538,-0.182651331998691,0.471806356543248,0.144577512272279,-0.48829721079843,0.0224902373210962,-0.232903486738667,-0.39725014068097,0.0658057088203446,-0.165722215930313,-0.229495484768362,0.144574797708353,-0.0424603435300047,-0.250248280178586,0.299561471731402,0.0246565957764081,-0.233799218463934,0.232669591010714,-0.000564813726609785,-0.0745455779459619,0.403177699688877,0.164316060871457,565.616411025641
58,-0.143263745235361,0.430443232414848,0.143589743589744,-0.154812799400589,0.505806242349306,0.175496721474359,-0.43961948559706,0.0660918481298387,-0.18676381873361,-0.466711070384094,0.0153123643379739,-0.22569935302306,-0.195628010928074,0.202071702564755,0.0032218458183405,-0.224780419518739,0.303966211762988,0.0395928961221247,-0.239218645548261,0.181487209214066,-0.0288657181670975,-0.0899949300950867,0.355072116170188,0.132538593037551,565.716426871795
59,-0.15349686989503,0.461189177587337,0.153846153846154,-0.139255933334273,0.340299742666097,0.100521904665912,-0.372184906029966,0.10886604369066,-0.131659431169653,-0.451866166745816,0.0682869611028233,-0.191789602821496,-0.243606770239982,0.720690004844741,0.23854161730238,-0.171744452222563,0.368674758736601,0.0984651532570192,-0.273240843232625,0.266924928117791,-0.00315795755741728,-0.213291583035773,0.250789699063998,0.0187490580141126,565.815880564103
60,-0.18035882212666,0.541897283665121,0.180769230769231,-0.149140389380183,0.350709102225304,0.100784356422561,-0.241074261317766,0.248164044574074,0.00354489162815395,-0.491269615079999,0.0332232179101552,-0.229023198584922,-0.191822413489191,0.476668480862344,0.142423033686576,-0.171829769737966,0.341062987174255,0.0846166087181446,-0.326105284501522,0.346059027807702,0.00997687165309025,-0.274790376718032,0.18956215935793,-0.0426141086800513,565.915898307692
61,-0.199545930863539,0.599545930863539,0.2,-0.215788277330776,0.364768489133309,0.0744901059012665,-0.179778026964248,0.303797331210879,0.0620096521233152,-0.465263469275964,0.0466637522259383,-0.209299858525013,-0.234570716111551,0.332280483574243,0.0488548837313462,-0.22156167644395,0.264656231007714,0.0215472772818821,-0.327208703567012,0.335725485685297,0.00425839105914248,-0.336669268081644,0.121976205677779,-0.107346531201932,566.01641025641
62,-0.199545930863539,0.599545930863539,0.2,-0.245039311072415,0.422836360779959,0.0888985248537719,-0.145965023514776,0.302503879321307,0.0782694279032656,-0.386262277128197,0.102438072480824,-0.141912102323687,-0.217616662423158,0.527159916602269,0.154771627089556,-0.209290680324519,0.26932610405874,0.0300177118671104,-0.313786690898362,0.263790170609994,-0.0249982601441838,-0.431371796482531,0.0389248331202521,-0.19622348168114,566.11641
63,-0.204662493193373,0.614918903449783,0.205128205128205,-0.213571046804197,0.285077916821037,0.0357534350084196,-0.106964858194285,0.39213126089952,0.142583201352617,-0.308818057305878,0.119836570838882,-0.0944907432334983,-0.207133016262914,0.697159611281633,0.245013297509359,-0.264047733394132,0.205470308555534,-0.0292887124192991,-0.293719147694289,0.191515870253123,-0.0511016387205832,-0.434704731633415,0.0598751206277358,-0.18741480550284,566.216426871795
64,-0.220124048789836,0.702175330841118,0.241025641025641,-0.249493756432291,0.179302529116775,-0.035095613657758,-0.0365594371024794,0.514657571884104,0.239049067390812,-0.304090239051263,0.127573039925996,-0.0882585995626337,-0.187334134084039,0.636258254044971,0.224462059980466,-0.334348205332558,0.0804125483710284,-0.126967828480765,-0.264162948434403,0.193757436697143,-0.0352027558686299,-0.399558132279851,0.0897404468574564,-0.154908842711197,566.316137102564
65,-0.215404621847233,0.707712314154926,0.246153846153846,-0.309745356895595,0.0701520659947058,-0.119796645450444,-0.0410544065359557,0.579371809464162,0.269158701464103,-0.240668607432827,0.237583716399177,-0.00154244551682522,-0.115808160500046,0.718393105527475,0.301292472513714,-0.4245015526079,0.00831132435736393,-0.208095114125268,-0.217150615569741,0.217160621550356,5.00299030706299e-06,-0.336994964989907,0.125375414145013,-0.105809775422447,566.416155179487
66,-0.245594991832048,0.73790268413974,0.246153846153846,-0.312390174348241,-0.00708799796336817,-0.159739086155805,-0.133695699501253,0.412760655478635,0.139532477988691,-0.198636252598606,0.304263694020845,0.0528137207111199,-0.181160852903586,0.44093068015508,0.129884913625747,-0.304108920041845,0.144654293003229,-0.0797273135193083,-0.150849079756202,0.282255127611032,0.065703023927415,-0.276147522150465,0.169534494167262,-0.0533065139916011,566.51641025641
67,-0.245594991832048,0.73790268413974,0.246153846153846,-0.307897131929039,0.0131672087943797,-0.14736496156733,-0.244224649383626,0.158770869369113,-0.0427268900072564,-0.0872795884809807,0.445395231034504,0.179057821276762,-0.183575533528341,0.256905548244596,0.0366650073581277,-0.240760818634154,0.232854087034279,-0.00395336579993761,-0.0716955791795903,0.379660355197585,0.153982388008997,-0.224209620305075,0.230010832198141,0.00290060594653281,566.61641
68,-0.245594991832048,0.73790268413974,0.246153846153846,-0.243273278939939,0.220740636102701,-0.0112663214186188,-0.364384147989964,-0.00840535649227069,-0.186394752241117,-0.0283356109176381,0.523253019163537,0.247458704122949,-0.223497116454887,0.14663300501048,-0.0384320557222035,-0.270202321747438,0.165593454206195,-0.0523044337706214,-0.0788417594374097,0.412633210541553,0.166895725552072,-0.178149112687681,0.303194274067577,0.0625225806899478,566.716426871795
69,-0.253269835326799,0.760962143019107,0.253846153846154,-0.354504906767892,0.0878423260859044,-0.133331290340994,-0.415374676011123,-0.0407081897313499,-0.228041432871236,-0.00836501746838404,0.56810139824573,0.279868190388673,-0.266570795548135,0.0467575821473342,-0.1099066067004,-0.33351407049879,0.0590106038757946,-0.137251733311498,-0.137053611170205,0.4019584941453,0.132452441487548,-0.139065913380489,0.368775996137018,0.114855041378265,566.816137102564
70,-0.276294365811054,0.830140519657207,0.276923076923077,-0.358840104942156,0.115602510974666,-0.121618796983745,-0.450682881067366,-0.0987784068160357,-0.274730643941701,-0.0395809017763033,0.501077737160923,0.23074841769231,-0.274657831399393,0.00842981282934826,-0.133114009285022,-0.36012281343937,0.043786929183503,-0.158167942127934,-0.159098281738064,0.328132775337124,0.0845172467995301,-0.166984181372753,0.319384980745718,0.0762003996864824,566.916154564103
71,-0.286527490470722,0.860886464829697,0.287179487179487,-0.427951515768324,0.0219335232089605,-0.203008996279682,-0.410966659869543,-0.0647233708894076,-0.237845015379475,-0.0832499045725387,0.411561814889259,0.16415595515836,-0.332821827925962,-0.0680189845437201,-0.200420406234841,-0.359341291058516,0.0773263694622748,-0.141007460798121,-0.167924202640726,0.25897526023798,0.0455255287986267,-0.189362073825917,0.250098874340835,0.030368400257459,567.01641025641
72,-0.291644052800556,0.876259437415941,0.292307692307692,-0.3536903035838,0.133781213418967,-0.109954545082416,-0.375728912981481,-0.0108955647238141,-0.193312238852647,-0.121202438434056,0.37882419824117,0.128810879903557,-0.324538628779833,-0.0210219716468601,-0.172780300213347,-0.294221843765157,0.195100247254907,-0.0495607982551246,-0.208248350947797,0.167795760189181,-0.0202262953793079,-0.233517516065648,0.197384867522399,-0.0180663242716244,567.11641
73,-0.301877177460225,0.90700538258843,0.302564102564103,-0.293456835092772,0.254021263788607,-0.0197177856520824,-0.324059857159406,0.075326773349177,-0.124366541905115,-0.171165676173209,0.330886759623222,0.0798605417250067,-0.283207783877336,0.0406570842902579,-0.121275349793539,-0.210867666650786,0.298739235560487,0.0439357844548505,-0.283209441236394,0.0934427664268601,-0.0948833374047668,-0.276089032816956,0.133264908090328,-0.071412062363314,567.216426871795
74,-0.306993739790059,0.922378355174675,0.307692307692308,-0.281376113613196,0.273446410579299,-0.00396485151694851,-0.281099712084643,0.128405411033308,-0.0763471505256675,-0.208458276874713,0.264995652244518,0.0282686876849024,-0.261737905429063,0.0588109529886911,-0.101463476220186,-0.167348895856345,0.326456330026987,0.0795537170853208,-0.319755883725611,0.0600977099366348,-0.129829086894488,-0.294031517221358,0.108102909234413,-0.0929643039934726,567.315624025641
75,-0.306993739790059,0.922378355174675,0.307692307692308,-0.286259191554443,0.177686052300593,-0.0542865696269248,-0.257955824584854,0.147091718477535,-0.0554320530536594,-0.239727380532923,0.188571285916629,-0.025578047308147,-0.259883655491934,0.0418285330405023,-0.109027561225716,-0.177120459250875,0.314721761211511,0.0688006509803179,-0.325484123917071,0.0848637035986058,-0.120310210159232,-0.284212013899483,0.148275256944233,-0.067968378477625,567.415642358974
76,-0.243906604657547,1.00288096363191,0.379487179487179,-0.33375004161173,0.0881802309890049,-0.122784905311362,-0.266321624900643,0.177743342889132,-0.0442891410057553,-0.26082706998289,0.165987854456437,-0.0474196077632264,-0.243683879952035,0.354496218840984,0.0554061694444746,-0.218971470428347,0.301755440558913,0.041391985065283,-0.349876759397226,0.138090010520559,-0.105893374438334,-0.222353193977881,0.251515215493193,0.0145810107576558,567.51641025641
77,-0.231433792652618,1.03143379265262,0.4,-0.263772564843792,0.239424850573746,-0.0121738571350229,-0.256344612089753,0.179688862785425,-0.0383278746521638,-0.292004671749047,0.0928346971142743,-0.0995849873173864,-0.180230583076698,0.489108633945765,0.154439025434534,-0.190367240128053,0.330287710216799,0.0699602350443731,-0.366051216946385,0.188370328565803,-0.0888404441902912,-0.163079066754732,0.316319080502542,0.0766200068739047,567.616410512821
78,-0.242249077730378,1.01147984696115,0.384615384615385,-0.222407754897627,0.298105219479853,0.0378487322911131,-0.217047578721688,0.220935866570214,0.00194414392426298,-0.283565397527675,0.122684199700196,-0.0804405989137391,-0.171721191865701,0.280463859048475,0.0543713335913873,-0.204006779487646,0.343851363780742,0.0699222921465477,-0.402306812224872,0.166990015823892,-0.11765839820049,-0.0747564177638788,0.387497532668033,0.156370557452077,567.716426871795
79,-0.239180757925145,1.00841152715591,0.384615384615385,-0.221497066166478,0.199593573083405,-0.0109517465415367,-0.176398534887341,0.260238372936967,0.0419199190248131,-0.359634436940274,0.0716423246374729,-0.143996056151401,-0.192947522822026,0.223688879896858,0.0153706785374159,-0.113380181849535,0.468507430034527,0.177563624092496,-0.440633943723123,0.0337150855193543,-0.203459429101885,-0.0859058792386943,0.336269896625943,0.125182008693625,567.816393641026
80,-0.235816709439551,1.01530388892673,0.38974358974359,-0.0794028597207155,0.410148877714367,0.165373008996826,-0.13362420265998,0.379798265419606,0.123087031379813,-0.381003956576235,0.0736361039660858,-0.153683926305075,-0.247616540392052,0.133434372164085,-0.0570910841139834,-0.105219286446871,0.529158909868073,0.211969811710601,-0.461157851081737,0.000363475026877464,-0.23039718802743,-0.0523266665500143,0.354418390493611,0.151045861971798,567.916410820513
81,-0.142985191603889,1.17888262750133,0.517948717948718,-0.0740214961444353,0.470549124264877,0.198263814060221,-0.167704534276563,0.332335424226542,0.0823154449749896,-0.393500042943324,0.0511034348681815,-0.171198304037571,-0.258011092801855,0.119467924773729,-0.0692715840140627,-0.136233165645785,0.409932498978185,0.1368496666662,-0.472886738550577,-0.00077736974614125,-0.236832054148359,-0.105700821283391,0.310316140217062,0.102307659466836,568.01641025641
82,-0.0692188102948949,1.43332137439746,0.682051282051282,-0.12559533960534,0.3975965118356,0.13600058611513,-0.147058497590158,0.362754695709238,0.10784809905954,-0.400681364090253,0.0335862969501028,-0.183547533570075,-0.312224128742992,0.17195890291834,-0.0701326129123261,-0.135615221043567,0.387511480796366,0.1259481298764,-0.522472603650941,-0.0256528755096608,-0.274062739580301,-0.205506850568984,0.236892650816816,0.0156929001239164,568.11641
83,0.0425636944662913,2.28564143373884,1.16410256410256,-0.202743843113168,0.236847921975176,0.017052039431004,-0.153269451195934,0.316843252548389,0.0817869006762273,-0.32556107996315,0.0909670528217735,-0.117297013570688,-0.312205736819149,0.174237794453118,-0.0689839711830153,-0.0810249667242305,0.450614544064297,0.184794788670033,-0.553664748817041,-0.0821473604084022,-0.317906054612722,-0.260488918743553,0.159778083021977,-0.0503554178607877,568.216426871795
84,0.0816495318728808,3.40552995530661,1.74358974358974,-0.311841571935224,0.534454127897498,0.111306277981137,-0.110828311476997,0.364393036466219,0.126782362494611,-0.280989872453683,0.150757698500945,-0.0651160869763688,-0.275446065267175,0.219926092848091,-0.0277599862095421,-0.048133366832962,0.502560002155543,0.227213317661291,-0.545455837199944,0.0545000492125755,-0.245477893993684,-0.334289568819616,0.0932614387869224,-0.120514065016347,568.316137102564
85,0.188203582957295,3.7092323144786,1.94871794871795,-0.369644292725678,0.298212839433646,-0.035715726646016,-0.150537038017158,0.337312734943859,0.0933878484633506,-0.27465156267863,0.172212686609186,-0.0512194380347221,-0.27251127695334,0.181537737112798,-0.045486769920271,-0.0323792371936672,0.484680457594166,0.226150610200249,-0.517097922858828,0.0334167223888776,-0.241840600234975,-0.29650120054109,0.113022663346871,-0.0917392685971095,568.41615425641
86,0.23817146194961,3.72080289702475,1.97948717948718,-0.359205832903168,-0.0689130966131626,-0.214059464758165,-0.254222709599225,0.187294602235688,-0.0334640536817682,-0.272169872452121,0.224813411839415,-0.0236782303063531,-0.372161360985938,0.13955082843327,-0.116305266276334,-0.105561834612302,0.378251524150009,0.136344844768853,-0.467443684305582,-0.0676644128673052,-0.267554048586443,-0.231380624766756,0.159475084048353,-0.0359527703592018,568.51641025641
87,0.215727650649105,3.74324670832525,1.97948717948718,-0.360369039958684,-0.115722676491997,-0.23804585822534,-0.331124177705322,0.0742485522679738,-0.128437812718674,-0.268369758028126,0.223769858299694,-0.022299949864216,-0.388852043121132,0.113118631202477,-0.137866705959327,-0.168258895999144,0.322686970021608,0.0772140370112319,-0.423470220786101,-0.0812985478161318,-0.252384384301117,-0.150906133954066,0.209820848215964,0.0294573571309491,568.616410512821
88,0.0724390379529769,3.41474044922651,1.74358974358974,-0.313472183556248,0.229872080172742,-0.041800051691753,-0.330332714255651,0.347757164967381,0.00871222535586526,-0.239595173659672,0.19317237360496,-0.0232114000273562,-0.333571746080779,0.045695761605839,-0.14393799223747,-0.177633143558116,0.289811061054042,0.056088958747963,-0.430877009750453,-0.107944777573011,-0.269410893661732,-0.155515267946642,0.247459164713007,0.0459719483831827,568.716426871795
89,-0.022122713270872,3.29391758506574,1.63589743589744,-0.286717666153135,0.311850172759691,0.0125662533032781,-0.278910990721389,0.412688258292786,0.0668886337856982,-0.243776812734085,0.149273022473755,-0.0472518951301652,-0.34262711402697,-0.0293645789841139,-0.185995846505542,-0.117787438308909,0.330688692504589,0.10645062709784,-0.416650548714928,0.243154470771636,-0.0867480389716459,-0.22972769363558,0.259636922354668,0.0149546143595437,568.816393641026
90,-0.0214159184518432,3.2829543799903,1.63076923076923,-0.26849967148781,0.253086139405948,-0.00770676604093126,-0.280567160915361,0.281585807975789,0.000509323530213851,-0.245166630193989,0.202283813675726,-0.0214414082591316,-0.382156111764257,-0.106771751127732,-0.244463931445995,-0.106232020681631,0.373568766775545,0.133668373046957,-0.369427358064671,0.276551831078757,-0.0464377634929573,-0.212744921042976,0.307196103900672,0.0472255914288484,568.916410512821
91,-0.0127191078601693,3.29477038991145,1.64102564102564,-0.226540453188654,0.187913679232361,-0.0193133869781465,-0.315993729297724,0.155454664483367,-0.0802695324071786,-0.236594957722744,0.221626254278076,-0.0074843517223337,-0.398026952375691,-0.0210732325052801,-0.209550092440486,-0.0751312041265963,0.454915590129125,0.189892193001264,-0.37522047826865,0.165518464721435,-0.104851006773608,-0.191855288519415,0.313608857394765,0.060876784437675,569.01641025641
92,-0.0204627163069569,3.24097553681978,1.61025641025641,-0.214480135718862,0.295623631313693,0.0405717477974157,-0.319748846986907,0.121852573227665,-0.0989481368796205,-0.264004206497374,0.164510490003989,-0.0497468582466923,-0.370429448830137,0.288817340170206,-0.0408060543299658,-0.0364705627026895,0.53756680662397,0.25054812196064,-0.455052688031837,-0.041162020719257,-0.248107354375547,-0.143209299318059,0.317593904018637,0.0871923023502892,569.11641
93,-0.0134082749545413,3.22366468521095,1.60512820512821,-0.215565663434342,0.296409140096208,0.0404217383309328,-0.313415903873215,0.122815572212796,-0.0953001658302097,-0.305971701619805,0.0681157639362983,-0.118927968841754,-0.322443322346463,0.371121851642477,0.0243392646480069,-0.0496023681767892,0.468988281356895,0.209692956590053,-0.467691910468997,-0.0886346037011244,-0.278163257085061,-0.137437981097549,0.296565872067538,0.0795639454849941,569.216426871795
94,-0.00760226974523397,3.21785868000164,1.60512820512821,-0.228215515211515,0.221716123932857,-0.00324969563932916,-0.297238949953614,0.113795174629919,-0.0917218876618472,-0.350554565777582,0.0214303160011075,-0.164562124888237,-0.265188855759326,0.209929265838666,-0.0276297949603301,-0.136561039475687,0.33127373351337,0.0973563470188419,-0.428522748809777,-0.0808468476419229,-0.25468479822585,-0.155174717677819,0.240441461288746,0.0426333718054635,569.316393641026
95,0.00397167619342068,3.24731037508863,1.62564102564103,-0.275336324872196,0.143969840600867,-0.0656832421356645,-0.301213564295818,0.0731091899911812,-0.114052187152318,-0.32876111529747,0.0600588481364517,-0.134351133580509,-0.21241291287874,0.12159008514897,-0.045411413864885,-0.220217431501099,0.244352280759299,0.0120674246290998,-0.379483993235783,-0.0524429548149975,-0.21596347402539,-0.187984698025326,0.228253744783786,0.0201345233792299,569.416410512821
96,0.0222572703752263,3.21876837065041,1.62051282051282,-0.296468460685971,0.120897302011824,-0.0877855793370739,-0.330664946272189,0.00739923831030277,-0.161632853980943,-0.322165696733625,0.0867586472436806,-0.117703524744972,-0.2193560428512,0.117377295906527,-0.0509893734723362,-0.148450831031143,0.307240623856578,0.0793948964127173,-0.364419608874785,-0.0171349775536282,-0.190777293214207,-0.26588872762264,0.186126898805058,-0.0398809144087912,569.51641025641
97,0.226951232514293,3.47561287004981,1.85128205128205,-0.238897299945323,0.132534614190653,-0.0531813428773346,-0.343539331362341,0.00238577218498283,-0.170576779588679,-0.288282516179552,0.16797977310046,-0.0601513715395459,-0.235446937706814,0.125776760738078,-0.0548350884843678,-0.0952295699319678,0.313538893064575,0.109154661566304,-0.355399323359114,0.0114100881123466,-0.171994617623384,-0.31692248677388,0.134453136248066,-0.0912346752629069,569.61641
98,0.417154903147432,3.82899894300641,2.12307692307692,-0.222833167344041,0.191225066773218,-0.0158040502854117,-0.33476869961946,0.0559396236131975,-0.139414538003131,-0.273584509015761,0.238620291936924,-0.0174821085394188,-0.243021848362535,0.072577952571551,-0.0852219478954918,-0.031824244928723,0.40121434948556,0.184695052278418,-0.387080667749671,-0.00698997772892578,-0.197035322739298,-0.344653744291688,0.0393183094991831,-0.152667717396252,569.716426871795
99,0.53597496786264,4.03838400649633,2.28717948717949,-0.203864862616403,0.199790387629479,-0.002037237493462,-0.327323847077477,0.138389933136762,-0.0944669569703575,-0.302331074463126,0.196671308128245,-0.0528298831674409,-0.218960698274607,0.152173306781428,-0.0333936957465897,-0.00243227177022386,0.483031539026087,0.240299633627932,-0.387306502058131,-0.0103994286698091,-0.19885296536397,-0.334603950657967,0.0414111716763741,-0.146596389490796,569.816393641026
100,0.533069010249894,4.10282842564754,2.31794871794872,-0.227599681306254,0.144078415152073,-0.0417606330770906,-0.30764384791472,0.117716871074656,-0.0949634884200321,-0.316625592897481,0.143932004471214,-0.0863467942131334,-0.197752878098604,0.201316071194724,0.00178159654806044,-0.00687255931711456,0.489353787968258,0.241240614325572,-0.355027887027901,0.00529924355480423,-0.174864321736548,-0.311297386909559,0.0950609156342101,-0.108118235637674,569.916411128205
101,0.529357233650661,4.15782225352883,2.34358974358974,-0.206855317697289,0.148919093512644,-0.028968112092323,-0.302041199238621,0.0644200310132024,-0.11881058411271,-0.278281724737885,0.156595781254851,-0.060842971741517,-0.228079105349924,0.252731038385344,0.0123259665177103,-0.0881048946672377,0.335588938872918,0.12374202210284,-0.311784405467042,0.0293083932242318,-0.141238006121405,-0.308254875279429,0.140472608833448,-0.0838911332229904,570.01641025641
102,0.548265096661272,4.20045285205668,2.37435897435897,-0.193777545817846,0.204139733123282,0.00518109365271816,-0.297865788141466,0.0260450098655932,-0.135910389137936,-0.27925940707789,0.183718620506657,-0.0477703932856164,-0.240426519756858,0.36245076180836,0.061012121025751,-0.27022420273975,0.109121705545973,-0.0805512485968883,-0.272783457267197,0.0770566947030974,-0.0978633812820496,-0.310102190143994,0.113306757399271,-0.0983977163723615,570.11641
103,0.64039357949925,4.4057602666546,2.52307692307692,-0.18807109635607,0.37242432736698,0.092176615505455,-0.324950740427998,-0.0166946513375278,-0.170822695882763,-0.283807681828725,0.229936998401789,-0.0269353417134682,-0.21335118675872,0.410981854312196,0.0988153337767381,-0.366214615821884,-0.00147476027935141,-0.183844688050618,-0.212612411394733,0.150902703862183,-0.0308548537662751,-0.27214089472175,0.0937427858232382,-0.0891990544492559,570.216512820513
104,0.791723374836557,4.79802021490703,2.79487179487179,-0.24479021765714,0.516267802421936,0.135738792382398,-0.358188667266088,-0.066369340100451,-0.212279003683269,-0.294801417148152,0.204394734801087,-0.0452033411735324,-0.191274270878291,0.384455831607124,0.0965907803644165,-0.404477469086113,-0.0283483664787538,-0.216412917782433,-0.158549842494436,0.183042754613796,0.0122464560596802,-0.174308759930343,0.186745775266212,0.00621850766793477,570.316137102564
105,0.873539170397177,5.23928134242334,3.05641025641026,-0.230766041744863,0.406511324087465,0.0878726411713011,-0.349517514577173,-0.0782235680526265,-0.2138705413149,-0.28854102350226,0.145630253584932,-0.071455384958664,-0.186267823211694,0.267172648195752,0.0404524124920293,-0.34694181519766,0.0431450818357453,-0.151898366680957,-0.13919478416718,0.146540557836903,0.00367288683486152,-0.166005560757022,0.221253421471846,0.0276239303574121,570.41615425641
106,0.798007277810579,5.40712092731763,3.1025641025641,-0.227429537431127,0.23016641398522,0.00136843827704694,-0.291930672865674,-0.00244748463540735,-0.147189078750541,-0.313954568506692,0.0638791641658863,-0.125037702170403,-0.289568399242804,0.0355422375532074,-0.127013080844798,-0.266223933356691,0.143999541870355,-0.061112195743168,-0.205580773395653,0.0469203414174808,-0.0793302159890861,-0.172615410068951,0.242402286889827,0.0348934384104378,570.51641025641
107,0.872733304353848,5.78367695205641,3.32820512820513,-0.243376583985558,0.0741702372382797,-0.084603173373639,-0.264003598260543,0.0482937970198293,-0.107854900620357,-0.347749129610818,-0.0300030661028015,-0.18887609785681,-0.325752434764601,0.00153309476156999,-0.162109670001516,-0.230030832354021,0.158444061208177,-0.0357933855729224,-0.232221174001755,0.0397368886916879,-0.0962421426550335,-0.20881090169243,0.212252847862689,0.0017209730851293,570.61641
108,1.05454337834519,6.29930277550097,3.67692307692308,-0.224101564637744,0.108114203763309,-0.0579936804372174,-0.269495445345274,0.0735475235568827,-0.0979739608941956,-0.37810160457539,-0.0818693136946261,-0.229985459135008,-0.332214787755716,0.0439658768562305,-0.144124455449743,-0.264983523370504,0.125624545161662,-0.0696794891044208,-0.241228466669979,0.0979709172438835,-0.071628774713048,-0.152130252969832,0.271344675965994,0.0596072114980809,570.716426871795
109,1.16562275964857,6.81386441983861,3.98974358974359,-0.218668546470744,0.120088315866322,-0.0492901153022112,-0.260124444798731,0.107455170896458,-0.0763346369511362,-0.422121336910658,-0.14342975428226,-0.282775545596459,-0.335338067734922,0.0853389660950215,-0.12499955081995,-0.343456851553355,0.0381076262401356,-0.15267461265661,-0.247995153315198,0.156283808726812,-0.0458556722941928,-0.0925518900525246,0.317847376559954,0.112647743253715,570.816137102564
110,1.20541779138343,7.05099246502682,4.12820512820513,-0.230104189704021,0.186396831348682,-0.0218536791776695,-0.222396442461835,0.164762000217974,-0.0288172211219304,-0.431278300194118,-0.151449165252513,-0.291363732723316,-0.364442879693351,0.0562088422410952,-0.154117018726128,-0.348191328450165,0.0647699682863612,-0.141710680081902,-0.272761775921753,0.160247591892248,-0.0562570920147527,-0.0921630210048608,0.306996896610157,0.107416937802648,570.91615425641
111,1.25332132552748,7.25949918729303,4.25641025641026,-0.229910302746718,0.192373269582707,-0.0187685165820058,-0.192032247383165,0.183631924832704,-0.0042001612752307,-0.41997490426215,-0.122760637922459,-0.271367771092304,-0.364359637990926,0.0788145909952137,-0.142772523497856,-0.300708340876266,0.162094351204993,-0.0693069948356361,-0.315374196389507,0.113083460373918,-0.101145368007795,-0.113401400517441,0.330861700283041,0.1087301498828,571.01641025641
112,1.25099537511963,7.43618411205986,4.34358974358974,-0.213719677230891,0.176496309289452,-0.0186116839707195,-0.21204388104604,0.143718914175892,-0.0341624834350743,-0.415431266202046,-0.11484965881195,-0.265140462506998,-0.378474565065324,0.0876343455238791,-0.145420109770723,-0.24865726856382,0.230986164843159,-0.00883555186033065,-0.305856828199634,0.10801437868009,-0.098921224759772,-0.177860088906341,0.283808229932218,0.0529740705129384,571.11641
113,1.32025670656117,7.56179457549011,4.44102564102564,-0.227606858878048,0.0958319721132056,-0.0658874433824211,-0.247094408483094,0.136216150802703,-0.0554391288401955,-0.400136938287926,-0.0802240527665524,-0.240180495527239,-0.346091289229148,0.0891359693709737,-0.128477659929087,-0.191093790543032,0.29242317150409,0.0506646904805288,-0.331638502467787,0.0588606560049447,-0.136388923231421,-0.189854085447772,0.250729917375602,0.0304379159639151,571.216426871795
114,1.74552125393417,8.10063259221967,4.92307692307692,-0.243057207773298,0.0956312744644684,-0.073712966654415,-0.223684757911441,0.177127084912325,-0.0232788364995582,-0.417193835750172,-0.0820933955375526,-0.249643615643862,-0.333915806278637,0.0315237278442849,-0.151196039217176,-0.174443109733119,0.282452550316589,0.054004720291735,-0.356913687361263,0.0123504783545421,-0.17228160450336,-0.238650689852354,0.174449207545713,-0.0321007411533209,571.316137102564
115,2.38444238645073,8.98991658790825,5.68717948717949,-0.151160672139877,0.261014823193805,0.0549270755269642,-0.190607577809206,0.219480030366893,0.0144362262788436,-0.457396458447826,-0.108271393604001,-0.282833926025913,-0.349637177676624,-0.0213741425113407,-0.185505660093983,-0.176516149452417,0.264231638789176,0.0438577446683792,-0.354345504360772,0.0244992284912869,-0.164923137934743,-0.280498372593842,0.143156759607375,-0.0686708064932333,571.416154564103
116,2.82549553460595,9.96424805513764,6.3948717948718,-0.0746028637759664,0.462063259678461,0.193730197951247,-0.148939840256742,0.269493343407948,0.0602767515756029,-0.480756800891889,-0.153854337108879,-0.317305569000384,-0.357225578785957,-0.107547497742909,-0.232386538264433,-0.159780608424753,0.28623656817703,0.0632279798761385,-0.348560070104862,0.0269466847014633,-0.1608066927017,-0.300251508238246,0.133971727911825,-0.0831398901632105,571.51641025641
117,3.31814841016106,10.9998003077877,7.15897435897436,-0.0658118418898092,0.464162214469594,0.199175186289892,-0.148559609436824,0.263377351929558,0.0574088712463671,-0.454561272707527,-0.1584785577659,-0.306519915236713,-0.3689134251702,-0.131979719721088,-0.250446572445644,-0.136407486763523,0.306087076424074,0.0848397948302754,-0.30745129044053,0.0300354214151306,-0.138707934512699,-0.294183562034123,0.124725176841433,-0.0847291925963451,571.61641
118,3.87137048653816,12.1388859237182,8.00512820512821,-0.0838752089823061,0.377704775781075,0.146914783399385,-0.150780793442343,0.274557513643605,0.0618883601006311,-0.394518267897336,-0.119644482125451,-0.257081375011394,-0.339586142445492,-0.0991869719187545,-0.219386557182123,-0.125449503008575,0.313523201417831,0.094036849204628,-0.304358019355664,0.0132777773379346,-0.145540121008865,-0.275100389814634,0.135547304455467,-0.0697765426795838,571.716426871795
119,4.28310341131189,13.0809991527907,8.68205128205128,-0.155821947248839,0.24653412687596,0.0453560898135607,-0.165251021030898,0.245190234516226,0.0399696067426643,-0.364184527335925,-0.0829999449781889,-0.223592236157057,-0.335181627330014,-0.079465594698231,-0.207323611014123,-0.161940354840316,0.249003174586153,0.0435314098729185,-0.296114092330862,0.00564126304672507,-0.145236414642069,-0.24019473596446,0.164858378741624,-0.0376681786114176,571.816393641026
120,4.73812520756698,13.9490542796125,9.34358974358974,-0.159390383744767,0.262748373391907,0.0516789948235699,-0.182312191202213,0.214342831741522,0.0160153202696545,-0.376729332162684,-0.051614627684754,-0.214171979923719,-0.332165851154858,-0.0745795140271358,-0.203372682590997,-0.24947695951796,0.180220942555901,-0.0346280084810297,-0.318240351472968,-0.0247209034814878,-0.171480627477228,-0.201329877164074,0.186931431367238,-0.00719922289841808,571.916410512821
121,5.31515895548749,14.9412513009228,10.1282051282051,-0.154607569583489,0.223626882152216,0.0345096562843633,-0.230251110109239,0.190780993242396,-0.0197350584334214,-0.38858982954371,0.0292791998177419,-0.179655314862984,-0.322949898687739,-0.0869680663649773,-0.204958982526358,-0.30078630208434,0.15555204596151,-0.0726171280614145,-0.337911285364581,-0.00539128034812681,-0.171651282856354,-0.166177644752857,0.212361911456941,0.0230921333520419,572.01641025641
122,5.82637913595006,15.8146465050756,10.8205128205128,-0.16742753599559,0.26543703709225,0.0490047505483297,-0.258171583702732,0.163230386841938,-0.0474705984303968,-0.346543890172875,0.0970817427391811,-0.124731073716847,-0.324529902778182,-0.0749885379646984,-0.19975922037144,-0.335245379305824,0.113274471700947,-0.110985453802439,-0.360787151665033,0.00396877504579523,-0.178409188309619,-0.15292648187037,0.222276646605936,0.0346750823677833,572.11641
123,6.41850358969776,16.7199579487638,11.5692307692308,-0.121164693189645,0.35975574457803,0.119295525694192,-0.26081254698481,0.171340260317207,-0.0447361433338014,-0.349601335355528,0.126162424573373,-0.111719455391078,-0.353226842094404,-0.00840148785559992,-0.180814164975002,-0.33057852114373,0.0842428943244327,-0.123167813409649,-0.334819366141248,0.0370376216738116,-0.148890872233718,-0.119779865945167,0.244171169018889,0.0621956515368612,572.216426871795
124,6.92815847631365,17.4923543441992,12.2102564102564,-0.0108605554009759,0.553794395988388,0.271466920293706,-0.26190595904303,0.200987103343414,-0.0304594278498084,-0.368888962453745,0.0591938246834094,-0.154847568885168,-0.353654079554633,0.0809205689743024,-0.136366755290165,-0.331572880851541,0.0798891771689802,-0.125841851841281,-0.321946583186872,0.0460012166524665,-0.137972683267203,-0.110628008784083,0.271371357219,0.0803716742174583,572.316393641026
125,7.34659425967371,18.120072406993,12.7333333333333,0.0908490735209365,0.657182683504239,0.374015878512588,-0.264023607287151,0.180273538840943,-0.0418750342231039,-0.410585202835071,-0.0531094715385316,-0.231847337186801,-0.338916100217141,0.121936224809391,-0.108489937703875,-0.322392272084716,0.101867353156505,-0.110262459464106,-0.304338878756048,0.0543757617810579,-0.124981558487495,-0.085703650205702,0.317121275856425,0.115708812825362,572.416410820513
126,7.90580144852308,19.5916344489128,13.748717948718,0.181832318722134,0.823803721172635,0.502818019947385,-0.286397586416802,0.118446786557068,-0.083975399929867,-0.412097372245297,-0.0843754151255794,-0.248236393685438,-0.334526666817379,0.0507432241674714,-0.141891721324954,-0.305066882107634,0.129170684682265,-0.0879480987126843,-0.316396331221057,0.0189289543115787,-0.148733688454739,-0.041025735365122,0.422594014289712,0.190784139462295,572.51641025641
127,8.09804732323208,20.2711834459987,14.1846153846154,0.227720106106746,0.855525984490327,0.541623045298537,-0.35297942799219,0.0484909964266435,-0.152244215782773,-0.410746801220795,-0.0921625803853478,-0.251454690803071,-0.339906305420421,-0.0152971493852429,-0.177601727402832,-0.234381695096122,0.197753176207301,-0.0183142594444106,-0.300335257430702,0.0296400659009458,-0.135347595764878,-0.0128150260024503,0.46724623729447,0.22721560564601,572.61641
128,8.24536672540596,20.5648896848505,14.4051282051282,0.295048226877762,1.0041950479258,0.64962163740178,-0.410427890069464,0.012437764040126,-0.198995063014669,-0.442187375575478,-0.144509242896348,-0.293348309235913,-0.338447288733007,0.0024119494815966,-0.168017669625705,-0.11944031026246,0.331225022573427,0.105892356155484,-0.249254499407006,0.0895220090828433,-0.0798662451620812,-0.00939507741408858,0.449134413195701,0.219869667890806,572.716426871795
129,8.51302958131446,20.9382524699676,14.725641025641,0.228447079135383,0.911727963867225,0.570087521501304,-0.468178297513868,-0.0228467112227263,-0.245512504368297,-0.476167842653917,-0.180975297154933,-0.328571569904425,-0.3357564016278,0.0472090258709716,-0.144273687878414,-0.0164194401477041,0.451556934212277,0.217568747032286,-0.218510286337955,0.13135007686322,-0.0435801047373677,0.0172262071824038,0.437071647905498,0.227148927543951,572.815624025641
130,8.89460216495288,21.3541157837651,15.124358974359,0.171424526342316,0.818181905207909,0.494803215775112,-0.469035615993071,-0.0254172969130084,-0.24722645645304,-0.475239051206412,-0.172471669272793,-0.323855360239602,-0.343448887617467,0.0386003062232394,-0.152424290697114,0.0469055310860623,0.552881893294404,0.299893712190233,-0.233028465609319,0.117043304104979,-0.05799258075217,0.0103973591954265,0.430496703075405,0.220447031135416,572.915642282051
131,9.36986954599273,21.8198740437509,15.5948717948718,0.126735048866967,0.681058908079554,0.40389697847326,-0.419299507887417,0.0106290387739024,-0.204335234556757,-0.42341101818289,-0.098378450622503,-0.260894734402697,-0.334867506718473,0.0438373331138753,-0.145515086802299,0.0405427661168311,0.542520436775731,0.291531601446281,-0.265305879400349,0.128442842908546,-0.0684315182459016,-0.0694505720997405,0.372594944691196,0.151572186295728,573.01641025641
132,9.48217100997038,21.7588546310553,15.6205128205128,0.12026459727568,0.730472605426156,0.425368601350918,-0.409020423945319,0.0159606380210755,-0.196529892962122,-0.396318904504898,-0.0400589561333813,-0.21818893031914,-0.301416826763486,0.0582377016898595,-0.121589562536813,-0.013229740983572,0.500326700931908,0.243548479974168,-0.264533031104869,0.181907227363999,-0.0413129018704351,-0.194255736679371,0.248100803986329,0.026922533653479,573.11640974359
133,9.17201327649884,21.4638841593986,15.3179487179487,0.101683926538106,0.779579561072602,0.440631743805354,-0.403378464396124,0.0144403845457867,-0.194469039925169,-0.385465945666258,-0.0350435251839799,-0.210254735425119,-0.265841890617592,0.120372782600538,-0.072734554008527,-0.0226662794512767,0.483534457458616,0.23043408900367,-0.245154495924184,0.202870740825651,-0.0211418775492662,-0.282159148619811,0.132450166175918,-0.0748544912219463,573.216170410256
134,8.77039746100604,21.2347307441222,15.0025641025641,0.0274829596215946,0.770111789018525,0.39879737432006,-0.342320330807371,0.0909636035376085,-0.125678363634881,-0.374338850337612,-0.00920269181994464,-0.191770771078778,-0.267113717073636,0.150631775233832,-0.0582409709199022,-0.0631048686367321,0.453973917673032,0.19543452451815,-0.265499630128156,0.132560484825133,-0.0664695726515118,-0.313683567395214,0.101965958863286,-0.105858804265964,573.31588074359
135,8.25492035799821,20.7527719496941,14.5038461538462,0.0149004398421912,0.677478313893601,0.346189376867896,-0.316042340501088,0.184956066348319,-0.0655431370763845,-0.352618302579397,0.0483108408322399,-0.152153730873579,-0.293496657605377,0.13193035397117,-0.0807831518171037,-0.122122102194419,0.388548462145234,0.133213179975408,-0.311002102721027,0.0761459012382415,-0.117428100741393,-0.352603294998797,0.0585906364646399,-0.147006329267078,573.415898410257
136,7.76066022801418,20.4136987463448,14.0871794871795,-0.00465490210085425,0.6342588725781,0.314801985238623,-0.285662772755408,0.267136217892198,-0.00926327743160498,-0.336636710008482,0.0698132992026414,-0.13341170540292,-0.302255174378895,0.110351960355708,-0.0959516070115931,-0.181149055415787,0.320970338164107,0.0699106413741602,-0.383019364059812,0.0256841008785247,-0.178667631590644,-0.375369543160146,0.0343573900109193,-0.170506076574613,573.516153846154
137,7.24030288966526,20.3186714693091,13.7794871794872,-0.0444400892526856,0.52875449091056,0.242157200828937,-0.265215565977261,0.277029573082079,0.00590700355240901,-0.319876055418536,0.0618290711143489,-0.129023492152094,-0.315912119816872,-0.0354896285496307,-0.175700874183252,-0.124591984807578,0.352079470877791,0.113743743035107,-0.336659571740356,0.086042467714422,-0.125308552012967,-0.377988318002549,0.0289948712944889,-0.17449672335403,573.616153333333
138,6.52310279388663,19.7025382317544,13.1128205128205,0.00875559307081749,0.473082570556343,0.24091908181358,-0.188499702534803,0.323276653218328,0.0673884753417624,-0.336626370990163,0.0272745833286577,-0.154675893830753,-0.322549264961893,-0.0753617426168809,-0.198955503789387,-0.146435503617396,0.30647636661053,0.0800204314965667,-0.302798412608519,0.120538793067574,-0.0911298097704725,-0.357643561025108,0.0697736134371875,-0.14393497379396,573.716170410256
139,6.22040882560743,19.5334373282387,12.8769230769231,-0.0385326974103368,0.404353735627201,0.182910519108432,-0.125368723020825,0.340848819504201,0.107740048241688,-0.32064939795153,0.0396768459150694,-0.14048627601823,-0.326576992176158,-0.0896762999324223,-0.20812664605429,-0.163068012084129,0.248302002407942,0.0426169951619068,-0.26404977340134,0.165305537569507,-0.0493721179159167,-0.281912135972115,0.161760704659221,-0.060075715656447,573.815367666667
140,6.3300137203923,19.8187042283256,13.074358974359,-0.0514003691142396,0.545146423076282,0.246873026981021,-0.118416560337091,0.335644330764662,0.108613885213786,-0.332015891596195,0.0506786412830346,-0.14066862515658,-0.319442985994903,-0.0506252443674067,-0.185034115181155,-0.174465433501811,0.264526557756556,0.0450305621273723,-0.220718885488203,0.228872407034662,0.00407676077322943,-0.232268757211006,0.213863529449855,-0.00920261388057574,573.915385589744
141,6.32214950435755,19.9855428033348,13.1538461538462,-0.0827514894286916,0.521288874333369,0.219268692452339,-0.0879467999455689,0.417073881189426,0.164563540621929,-0.314161659104117,0.118654831047044,-0.0977534140285367,-0.287282422901969,0.0224653912261329,-0.132408515837918,-0.187929777414208,0.305966795188189,0.0590185088869902,-0.208127991772894,0.253771854688432,0.022821931457769,-0.229861477502579,0.219697740965595,-0.00508186826849229,574.016153846154
142,6.08089480254768,19.8883359666831,12.9846153846154,-0.154185288766401,0.363510249344139,0.104662480288869,-0.0184416997028938,0.491711917297319,0.236635108797213,-0.301780673237953,0.217313140911648,-0.0422337661631528,-0.27650746379794,0.0201686820419178,-0.128169390878011,-0.0968863798816056,0.414797989432528,0.158955804775461,-0.222850149906345,0.23736253963463,0.00725619486414259,-0.267594231095299,0.199660978587185,-0.0339666262540567,574.116153333333
143,5.44835126134066,19.2901102771209,12.3692307692308,-0.204613873223279,0.102162553866317,-0.0512256596784812,0.0644571411883158,0.557631362040365,0.31104425161434,-0.258176065960484,0.269712189143738,0.00576806159162714,-0.296164434730417,-0.0446589220729694,-0.170411678401693,-0.0592465587283916,0.382286154788178,0.161519798029893,-0.277215510036177,0.21761425516423,-0.0298006274359736,-0.276995431726986,0.181783085514137,-0.0476061731064245,574.216170410256
144,5.39981265301156,19.2976232444243,12.348717948718,-0.269399543782187,0.0721873604176013,-0.0986060916822928,0.0797245105201543,0.594739184083185,0.33723184730167,-0.196602511595584,0.277156654967525,0.0402770716859707,-0.344686835445773,-0.13974825604917,-0.242217545747471,-0.104863775709512,0.330480874795521,0.112808549543005,-0.306725865840376,0.171829740734166,-0.0674480625531052,-0.26752100643962,0.19335607204328,-0.0370824671981701,574.31588074359
145,5.38394411694821,19.3647738317697,12.374358974359,-0.303268370156538,0.0902878622544276,-0.106490253951055,0.00269302541202596,0.564835568475792,0.283764296943909,-0.156433254726855,0.315811031761797,0.0796888885174708,-0.329142597625759,-0.0783254620440157,-0.203734029834887,-0.209920222837061,0.230408734449133,0.0102442558060359,-0.282428926044757,0.144062788378443,-0.069183068833157,-0.325606832675145,0.14004926430147,-0.0927787841868372,574.415898102564
146,5.19944510845975,18.9646574556428,12.0820512820513,-0.288357979485773,0.125877386100806,-0.0812402966924833,-0.0957567207012062,0.449220700906436,0.176731990102615,-0.140400206841936,0.369812417989618,0.114706105573841,-0.304011031544953,-0.0131752518863722,-0.158593141715663,-0.315685407783135,0.115315581884605,-0.100184912949265,-0.221931826680451,0.165894099204606,-0.0280188637379226,-0.259823043161291,0.259445446915868,-0.000188798122711549,574.516153846154
147,4.78884201520253,17.9291067027462,11.3589743589744,-0.307553207455059,0.129104780848436,-0.0892242133033115,-0.13505864801664,0.37902584948117,0.121983600732265,-0.0984237392946264,0.419895987059418,0.160736123882396,-0.279931472259715,0.0530499332234281,-0.113440769518144,-0.366053260380959,0.0557856606917162,-0.155133799844621,-0.164842894303614,0.21505605303441,0.0251065793653981,-0.207859799824722,0.357449131562213,0.074794665868745,574.616153846154
148,4.39467621689313,17.4617340395171,10.9282051282051,-0.35028611386717,0.0769175545162173,-0.136684279675476,-0.102076963479478,0.431452516844761,0.164687776682642,-0.072974241678761,0.441653906450408,0.184339832385824,-0.286309999200655,0.045402557110806,-0.120453721044925,-0.317441911878213,0.111638375645136,-0.102901768116538,-0.0875691708604277,0.283316063208113,0.0978734461738429,-0.210230688502692,0.277263302459988,0.0335163069786476,574.716170410256
149,4.23580744261987,17.3539361471237,10.7948717948718,-0.352466369417934,0.025454796754845,-0.163505786331544,-0.0611925032660096,0.50844349906897,0.22362549790148,-0.0330783030113718,0.479950676794307,0.223436186891468,-0.330473337922414,0.0419898453641717,-0.144241746279121,-0.24402414817339,0.234560419621286,-0.00473186427605204,-0.0847611553100058,0.302438397209206,0.1088386209496,-0.286036661308859,0.239891047787774,-0.0230728067605421,574.816137282051
150,4.1931530716166,17.3453084668449,10.7692307692308,-0.318114577146726,0.0579473644395107,-0.130083606353608,-0.05639924829175,0.467405737312424,0.205503244510337,0.0240301473344371,0.484770033380867,0.254400090357652,-0.364257335145311,0.0317022080425083,-0.166277563551402,-0.212769479365605,0.228345667616136,0.00778809412526541,-0.0948200839786725,0.341521335114048,0.123350625567688,-0.402818831856157,0.144028824182567,-0.129395003836795,574.916154666667
151,4.16846003210204,17.4007707371287,10.7846153846154,-0.264694987436143,0.12123739257434,-0.0717287974309017,-0.0487100741605337,0.481073732191059,0.216181829015263,0.0602376573476983,0.511170031047721,0.28570384419771,-0.364126587045572,0.0352801354443606,-0.164423225800606,-0.233597483900305,0.180133814355026,-0.0267318347726394,-0.0665004192311442,0.402145562863645,0.16782257181625,-0.510985926469769,0.0482821487297697,-0.231351888869999,575.016137692308
152,4.03589606307453,17.3692321420537,10.7025641025641,-0.262373134838514,0.13363471284655,-0.0643692109959818,-0.0329898275867579,0.536037804987022,0.251523988700132,0.0601103392528326,0.531995126684225,0.296052732968529,-0.342756271404,0.0823544605517665,-0.130200905426117,-0.294653217201788,0.16769723543813,-0.063477990881829,-0.0535849673363577,0.455020532836508,0.200717782750075,-0.577772569763429,0.0029506915908411,-0.287410939086294,575.099983846154
153,3.97876953922328,17.5904612300075,10.7846153846154,-0.267651936159984,0.144062369112463,-0.0617947835237602,-0.0572198617904947,0.533572682338542,0.238176410274024,0.00917674250538596,0.55630928879089,0.282743015648138,-0.286784049829905,0.176823462168885,-0.0549802938305102,-0.412333825177118,0.0701838952074999,-0.171074964984809,-0.0380185703206749,0.531556425546648,0.246768927612987,-0.6283570503115,-0.0496687438759722,-0.339012897093736,575.200013333333
154,3.90014052799437,17.3306287027749,10.6153846153846,-0.272528587895302,0.142680761303077,-0.0649239132961125,-0.143474799444562,0.38581299759285,0.121169099074144,0.0258453797697591,0.611998525237147,0.318921952503453,-0.220415384556891,0.218967865132429,-0.00072375971223101,-0.519593273226836,-0.0706712315171775,-0.295132252372007,-0.00807833527320894,0.586137773063208,0.289029718895,-0.564347452531254,-0.029312293428329,-0.296829872979791,575.299986923077
155,3.46139446069125,16.0668106675139,9.76410256410256,-0.240877209429331,0.23889474406067,-0.000991232684330704,-0.228924504785147,0.253423548591902,0.0122495219033776,0.0766880486117696,0.653715195228013,0.365201621919891,-0.193566698230007,0.257450905536625,0.0319421036533091,-0.608305641341115,-0.195545134988593,-0.401925388164854,0.0922929902529692,0.707658301979617,0.399975646116293,-0.510178219332725,-0.0410193588527364,-0.275598789092731,575.400016666667
156,3.03914519276067,15.3198291662137,9.17948717948718,-0.213416637987176,0.405162149248529,0.0958727556306763,-0.347810200086901,0.143248869270762,-0.10228066540807,0.164611173823821,0.757802618844192,0.461206896334006,-0.197623680816309,0.248639782151059,0.025508050667375,-0.689654477752477,-0.31356879852427,-0.501611638138374,0.252206472669827,0.859291815248711,0.555749143959269,-0.473733005881864,-0.0346127010939897,-0.254172853487927,575.5
157,2.72948550101347,14.583335011807,8.65641025641026,-0.172556875885843,0.490587571639258,0.159015347876707,-0.381584549129077,0.0903171512333484,-0.145633698947864,0.157656077239872,0.763187230751729,0.4604216539958,-0.135594291483386,0.288805998407221,0.0766058534619176,-0.717424757706628,-0.346795754991038,-0.532110256348833,0.235468915282706,0.825852348395091,0.530660631838899,-0.437816271508754,0.0172938378130883,-0.210261216847833,575.599984564103
158,2.5906447068229,13.5119193957412,8.05128205128205,-0.17994361086048,0.4514657007644,0.13576104495196,-0.410477519553791,0.102430711763384,-0.154023403895204,0.121324182219124,0.777725030739962,0.449524606479543,-0.135911336900275,0.365116993694146,0.114602828396935,-0.631553123415935,-0.230543340063175,-0.431048231739555,0.159400538563984,0.729482289920115,0.44444141424205,-0.484767080097508,0.00810857749971683,-0.238329251298896,575.700013333333
159,2.33507316777065,12.6085165758191,7.47179487179487,-0.157344227661687,0.445151993334772,0.143903882836542,-0.456300636677051,0.101700096865175,-0.177300269905938,0.117817694361472,0.802568013872197,0.460192854116834,-0.112929692462137,0.504007205543864,0.195538756540863,-0.505611477282385,-0.0331133447774745,-0.26936241102993,0.0845548444672214,0.610592625613516,0.347573735040369,-0.485602189982064,0.0729821715483619,-0.206310009216851,575.799986666667
160,1.85704004793975,11.8250112341115,6.84102564102564,-0.161411588680091,0.501790255405055,0.170189333362482,-0.491394679766016,0.0756476634755863,-0.207873508145215,0.176051555364627,0.877155761628889,0.526603658496758,-0.11297764074045,0.537078220780042,0.212050290019796,-0.42768107002804,0.0846138689802011,-0.171533600523919,0.108754767667436,0.622794985978593,0.365774876823015,-0.471068607743728,0.106685731431425,-0.182191438156152,575.900187692308
161,1.46075446827567,11.6366814291602,6.54871794871795,-0.227540257490728,0.454288518999407,0.11337413075434,-0.529056696265008,0.00227635595803317,-0.263390170153488,0.296111113531901,1.04322470507292,0.669667909302408,-0.111063883275858,0.444007643194758,0.16647187995945,-0.442834467182237,0.0720547683298899,-0.185389849426174,0.176539032438769,0.717011658593632,0.446775345516201,-0.430733041669691,0.137923475572518,-0.146404783048587,576.000256410256
162,0.890771457883171,11.1194849523732,6.00512820512821,-0.214711390736346,0.361916472817285,0.0736025410404696,-0.541643399920534,0.016587823228205,-0.262527788346164,0.281538470641719,0.91829038694382,0.599914428792769,-0.129752900389745,0.35834076402997,0.114293931820113,-0.487606762722399,0.0333225739251332,-0.227142094398633,0.200259177489976,0.79170286944883,0.495981023469403,-0.366821553333453,0.17968940369553,-0.0935660748189615,576.100241076923
163,0.746528966213727,10.8944966748119,5.82051282051282,-0.217532388397058,0.217171121710736,-0.000180633343160884,-0.529172655966212,0.0480793169862042,-0.240546669490004,0.255196670129561,0.863258697584912,0.559227683857237,-0.17596412945927,0.317936850717204,0.0709863606289666,-0.446531641369219,0.0618438840768451,-0.192343878646187,0.192225836981566,0.810928741539348,0.501577289260457,-0.368819254978406,0.17679303836248,-0.0960131083079632,576.200269794872
164,0.598883189445241,10.5806039900419,5.58974358974359,-0.169370646130914,0.236145931969049,0.0333876429190677,-0.450846564670436,0.0753370606057079,-0.187754752032364,0.212967832571187,0.853225386791127,0.533096609681157,-0.138885377800499,0.356232988019276,0.108673805109389,-0.364512324196198,0.145628815157493,-0.109441754519352,0.123116527943871,0.772200282774394,0.447658405359132,-0.489095327516787,0.0428971300865056,-0.223099098715141,576.300243538462
165,0.310649742369671,9.70986307814315,5.01025641025641,-0.211181860105774,0.257075135368849,0.0229466376315376,-0.354314980289246,0.11009874050008,-0.122108119894583,0.0588082433419414,0.696605886012301,0.377707064677121,-0.128654553831287,0.37346506443426,0.122405255301486,-0.301249267881335,0.230713897915425,-0.0352676849829549,0.137293605469058,0.761958771167477,0.449626188318267,-0.538080556962545,-0.0239086463890879,-0.280994601675816,576.400272820513
166,-0.0682827944935897,8.03751356372436,3.98461538461538,-0.125977150875836,0.375675700817272,0.124849274970718,-0.245573458527867,0.192140277889184,-0.0267165903193417,-0.0325022904697445,0.595868710107972,0.281683209819114,-0.092270687832811,0.411434894753647,0.159582103460418,-0.351373468718168,0.153447197190511,-0.0989631357638282,0.0740550892704272,0.708688561956848,0.391371825613638,-0.57237345902431,-0.0983159350169525,-0.335344697020631,576.500256410256
167,-0.542326066428648,7.21924914335173,3.33846153846154,-0.163474085946787,0.344036050323202,0.0902809821882075,-0.187348769852293,0.281298895619252,0.0469750628834796,-0.0913684197550119,0.487121086777126,0.197876333511057,-0.0968162345404854,0.401694919082894,0.152439342271204,-0.326531653862126,0.174384180993776,-0.0760737364341749,-0.0438384683928899,0.55335531856304,0.254758425085075,-0.620482845369363,-0.147952382009769,-0.384217613689566,576.600240512821
168,-0.839652598579633,6.78837054729758,2.97435897435897,-0.147933146973762,0.339436363197637,0.0957516081119375,-0.178544042084893,0.30938701426924,0.0654214860921733,-0.0714925248186276,0.484382924558752,0.206445199870062,-0.0985479294988496,0.510053145971309,0.20575260823623,-0.269698472262476,0.273431946086992,0.00186673691225777,-0.048426744374519,0.513514416802817,0.232543836214149,-0.67430943170874,-0.198159491384506,-0.436234461546623,576.700269794872
169,-0.90766613607944,6.72305075146406,2.90769230769231,-0.238096328127439,0.442473588202328,0.102188630037444,-0.157423401725053,0.314589129006196,0.0785828636405716,-0.0250444765175494,0.554317069914364,0.264636296698407,-0.0881866873194596,0.493086369288237,0.202449840984389,-0.149884941754367,0.436643948779823,0.143379503512728,-0.0393261565671504,0.534292054786924,0.247482949109887,-0.765073490385813,-0.248566319709799,-0.506819905047806,576.800243025641
170,-0.90292260247119,6.72856362811222,2.91282051282051,-0.213903958936614,0.535281684056627,0.160688862560006,-0.177996672936652,0.264101217426871,0.0430522722451094,0.0252667837974331,0.642863441399213,0.334065112598323,-0.106428501161957,0.443055451317097,0.16831347507757,-0.129533488636772,0.462267046781309,0.166366779072268,-0.0189803932892979,0.548771054613674,0.264895330662188,-0.830476889281962,-0.282836228100346,-0.556656558691154,576.900272820513
171,-0.905873656090785,6.70074545096258,2.8974358974359,-0.217954892200612,0.394683546158192,0.0883643269787899,-0.184262950122708,0.254220207156974,0.0349786285171332,0.0906206441221358,0.827141547880115,0.458881096001126,-0.0817070871522738,0.454835076235455,0.186563994541591,-0.181317195075127,0.406816314340264,0.112749559632569,-0.0835288679444048,0.502115177549338,0.209293154802466,-0.845214784845652,-0.272509891253954,-0.558862338049803,577.000256410256
172,-0.89464522512096,6.61772214819788,2.86153846153846,-0.269922052776419,0.326350532447775,0.0282142398356779,-0.277299951818752,0.210945815484581,-0.0331770681670855,0.0559249785469236,1.00615644711852,0.531040712832724,0.011376271778238,0.78445182898133,0.397914050379784,-0.252113860161884,0.336809587903492,0.0423478638708043,-0.141653029717491,0.472013576973525,0.165180273628017,-0.815525036985373,-0.255832958800434,-0.535678997892904,577.100240307692
173,-0.904936966988108,6.61775747980862,2.85641025641026,-0.276918157342142,0.36585128888186,0.044466565769859,-0.290144993448121,0.214742209096,-0.0377013921760607,0.0262252727010953,0.669682823790826,0.347954048245961,0.0275103985819877,0.840846810654503,0.434178604618245,-0.266452506023891,0.342085235596314,0.0378163647862113,-0.190469151428743,0.427720668944595,0.118625758757926,-0.705859461312479,-0.206205745450142,-0.45603260338131,577.200269794872
174,-0.913858518135773,6.59590980018706,2.84102564102564,-0.218806781981584,0.430590176176564,0.10589169709749,-0.26017555979328,0.213528051726562,-0.0233237540333589,-0.0152444173394889,0.528654287072924,0.256704934866718,-0.0162518273657102,0.707855916190361,0.345802044412326,-0.230449354892181,0.376738415498423,0.0731445303031212,-0.125329645467042,0.492318487989551,0.183494421261255,-0.732355658608171,-0.237566609880034,-0.484961134244102,577.300243025641
175,-0.917215573426965,6.56849762470902,2.82564102564103,-0.274937866958625,0.249695793664335,-0.0126210366471448,-0.213556023070236,0.289139628070563,0.0377918025001633,-0.0726760048016067,0.441179338496309,0.184251666847351,-0.0698009098579801,0.607411584448656,0.268805337295338,-0.24389769241411,0.370434465824147,0.0632683867050184,-0.110157316238258,0.486424301883061,0.188133492822401,-0.749917438253755,-0.24413176560771,-0.497024601930732,577.400272820513
176,-0.910057599138998,6.20236529144669,2.64615384615385,-0.301362134753807,0.156165354172073,-0.0725983902908669,-0.157281046435043,0.376198668671494,0.109458811118226,-0.0692608088120131,0.383274032891328,0.157006612039658,-0.103119833024983,0.528871915547842,0.21287604126143,-0.301923632233219,0.275443235999717,-0.0132401981167508,-0.146660686418498,0.416529283795423,0.134934298688463,-0.735572817865197,-0.231986887479592,-0.483779852672394,577.500256410256
177,-0.990690466726307,4.60094687698272,1.80512820512821,-0.300389648710961,0.110269443638203,-0.0950601025363794,-0.172764355221378,0.400992127402547,0.114113886090584,-0.026738590276991,0.409383643695865,0.191322526709437,-0.0687628644368769,0.588006264895332,0.259621700229227,-0.408454258475644,0.114519697118558,-0.146967280678543,-0.223058529008846,0.32563619302405,0.0512888320076022,-0.699098639400622,-0.187834735117676,-0.443466687259149,577.600240717949
178,-0.34042160812623,1.65324212094674,0.656410256410256,-0.319507440369853,0.0328998384467947,-0.143303800961529,-0.235273327872084,0.359104738768571,0.0619157054482434,-0.059825257107922,0.414316219202651,0.177245481047365,-0.02592775957082,0.615974703961187,0.295023472195183,-0.421531384175861,0.0698354937752418,-0.17584794520031,-0.269267220563829,0.312840992537446,0.0217868859868086,-0.633721718731766,-0.0902923275519461,-0.362007023141856,577.700269794872
179,-0.0803047386289269,0.377740636064824,0.148717948717949,-0.357440564630354,-0.0449981204014455,-0.2012193425159,-0.215904140333412,0.39571027448049,0.0899030670735388,-0.122426393800791,0.361122831117938,0.119348218658573,0.0114884324304184,0.64619071219114,0.328839572310779,-0.35045271473255,0.176715973606672,-0.0868683705629389,-0.30689559884042,0.306867959633147,-1.38196036365857e-05,-0.53362283850017,0.0227533308610283,-0.255434753819571,577.800243025641
180,-0.0972146842668521,0.292086479138647,0.0974358974358974,-0.377278768731659,0.00387136389471163,-0.186703702418474,-0.213346482785522,0.39196847466339,0.0893109959389341,-0.145280495800849,0.335422879881528,0.0950711920403397,-0.0170825911006024,0.577229530947316,0.280073469923357,-0.255046142954193,0.34085462913175,0.0429042430887783,-0.290691731878442,0.308785969574649,0.00904711884810349,-0.496085106433387,0.0744227015188288,-0.210831202457279,577.900285948718
181,-0.0972146842668521,0.292086479138647,0.0974358974358974,-0.329246862526908,0.138129155597367,-0.0955588534647706,-0.239260669820923,0.337686378339222,0.0492128542591495,-0.128682363103516,0.342535677891071,0.106926657393777,-0.0766376174312276,0.469390522397724,0.196376452483248,-0.255713101753139,0.368030047024709,0.0561584726357849,-0.232585142888287,0.351345839773501,0.0593803484426069,-0.435223521712747,0.155760469611994,-0.139731526050377,578.000256410256
182,-0.0920981219370178,0.276713506552402,0.0923076923076923,-0.310057182684714,0.280670770724007,-0.0146932059803536,-0.234957260903243,0.351984241457523,0.0585134902771402,-0.105595233181595,0.444134024610664,0.169269395714535,-0.0557847605690959,0.490611546739036,0.21741339308497,-0.291878708726369,0.269248616172008,-0.0113150462771807,-0.253180357368837,0.327438656867944,0.0371291497495535,-0.384972028365901,0.206115157872413,-0.0894284352467444,578.100240307692
183,-0.0920981219370178,0.276713506552402,0.0923076923076923,-0.313515759703765,0.259675370207713,-0.026920194748026,-0.264229630667211,0.373250834308353,0.0545106018205708,-0.0828948501863667,0.509955324350747,0.21353023708219,-0.0257267350929439,0.525361264696619,0.249817264801838,-0.326224378417826,0.21418487112534,-0.0560197536462429,-0.215765705762148,0.406583048291871,0.0954086712648617,-0.27368445797566,0.349685910231731,0.0380007261280352,578.200270820513
184,-0.0920981219370178,0.276713506552402,0.0923076923076923,-0.259131116401355,0.150495213147353,-0.0543179516270011,-0.263785925360212,0.405018009361955,0.0706160420008713,-0.0389458444572308,0.589483332746834,0.275268744144802,-0.00757487796334735,0.582410539836033,0.287417830936343,-0.305850335663746,0.309383893192978,0.001766778764616,-0.200365978465541,0.479662179740369,0.139648100637414,-0.207030728235628,0.480986832783554,0.136978052273963,578.300243538462
185,-0.0920981219370178,0.276713506552402,0.0923076923076923,-0.269409567730523,0.136379534202598,-0.0665150167639626,-0.202305563231734,0.444751905662043,0.121223171215155,-0.0490275933773897,0.576287621518753,0.263630014070682,-0.156912051840428,0.459597429834466,0.151342688997019,-0.314072371074764,0.362710249455759,0.0243189391904971,-0.152092474600572,0.536765774781553,0.19233665009049,-0.0985468772076239,0.628729259608487,0.265091191200431,578.400272820513
186,-0.0920981219370178,0.276713506552402,0.0923076923076923,-0.273719373335097,0.234723549534418,-0.0194979119003392,-0.197088437689171,0.429098285118299,0.116004923714564,-0.072120694325695,0.619274805892627,0.273577055783466,-0.237415417852773,0.359347071709671,0.0609658269284491,-0.31454764934902,0.324051898107257,0.00475212437911876,-0.107868422851043,0.580625373404009,0.236378475276483,0.0864057126389937,0.786659469417215,0.436532591028104,578.500256410256
187,-0.0920981219370178,0.276713506552402,0.0923076923076923,-0.249575128751859,0.24784909518937,-0.00086301678124427,-0.211457925093225,0.445949914421551,0.117245994664163,-0.0820755724954393,0.613652030659973,0.265788229082267,-0.275249099562388,0.388641542588641,0.0566962215131264,-0.37488378659668,0.25604225507344,-0.0594207657616204,-0.103158532645687,0.55789169531526,0.227366581334786,0.150864743107921,0.858750362435722,0.504807552771821,578.600241230769
188,-0.0920981219370178,0.276713506552402,0.0923076923076923,-0.272901120338946,0.310536713645838,0.0188177966534457,-0.283513100344692,0.357335493162801,0.0369111964090548,-0.0913245966164926,0.575591028808551,0.242133216096029,-0.245953618537563,0.152191232563877,-0.0468811929868434,-0.452080688163557,0.144352884020542,-0.153863902071507,-0.0832624727280981,0.555068195572762,0.235902861422332,0.182498003774883,0.910843383316885,0.546670693545884,578.700269794872
189,-0.107447808926521,0.322832424311136,0.107692307692308,-0.294464328208677,0.323447431892311,0.0144915518418171,-0.272797186729378,0.34969136538711,0.0384470893288661,-0.0891565029556364,0.532429559606245,0.221636528325304,-0.207931254677506,0.336698372250285,0.0643835587863899,-0.444449433760999,0.102052617302886,-0.171198408229057,-0.10979269766378,0.544073958617822,0.217140630477021,0.178985638378176,0.923519445359288,0.551252541868732,578.799986769231
190,-0.0783415323347341,0.463758199001401,0.192708333333333,-0.290670368498549,0.338760162981539,0.0240448972414949,-0.150334431001366,0.465125093433287,0.15739533121596,-0.0976496533564904,0.599306470285654,0.250828408464582,-0.215331494511345,0.393126311938201,0.0888974087134283,-0.467775874882489,0.0739829692474639,-0.196896452817512,-0.176284170943192,0.475976325694409,0.149846077375609,0.0683361908177645,0.858112507895406,0.463224349356586,578.900276822917
191,-0.23812333821539,1.04020667154872,0.401041666666667,-0.324438825157713,0.272473000652335,-0.0259829122526892,-0.142947707156452,0.490457734615487,0.173755013729517,-0.0887959083857215,0.625029704328315,0.268116897971297,-0.256394609595154,0.409797033903673,0.0767012121542595,-0.433047893494962,0.103276959929341,-0.164885466782811,-0.168095428921071,0.456648815977129,0.144276693528029,-0.128830710813014,0.673070443534875,0.272119866360931,579.000260416667
192,-0.266819020122739,1.13140235345607,0.432291666666667,-0.295744956606139,0.337826765910495,0.0210409046521779,-0.161367097875013,0.51283286925877,0.175732885691879,-0.108012283051156,0.60585153046853,0.248919623708687,-0.225523854127468,0.315149906147886,0.0448130260102093,-0.459189803372291,0.0766938093151581,-0.191247997028567,-0.190972077500146,0.418227778011732,0.113627850255793,-0.27980202182158,0.524059664308949,0.122128821243684,579.099983932292
193,-0.183961157359454,0.882373855772153,0.349206349206349,-0.25546574113229,0.45612920349351,0.10033173118061,-0.173113684451182,0.567417149437842,0.19715173249333,-0.120247794462848,0.537909340575465,0.208830773056308,-0.230908169203325,0.153760561370522,-0.0385738039164018,-0.489620289816055,0.0637879994287377,-0.212916145193659,-0.160348286616821,0.448563623793202,0.144107668588191,-0.31805823926233,0.449439095500424,0.065690428119047,579.200277936508
194,-0.0796366369942498,0.471171028528641,0.195767195767196,-0.226724523539839,0.497670792924501,0.135473134692331,-0.183511364930465,0.63996794348971,0.228228289279622,-0.121448932851617,0.509687759796189,0.194119413472286,-0.235181269848233,0.201072674993326,-0.0170542974274537,-0.529707702070499,0.0523960001493879,-0.238655850960555,-0.161609259013337,0.495520274119948,0.166955507553305,-0.253798565494961,0.51794379451118,0.132072614508109,579.299986772487
195,-0.107486406988703,0.322540170429563,0.10752688172043,-0.199312803444579,0.415923187958313,0.108305192256867,-0.197757446685926,0.710354203635251,0.256298378474663,-0.117203259172017,0.590160949773511,0.236478845300747,-0.292752371539721,0.224663061046539,-0.0340446552465912,-0.44323139438023,0.13720955905118,-0.153010917664525,-0.197497995845289,0.483071951496064,0.142786977825388,-0.275113216874933,0.521543591974673,0.12321518754987,579.399747849462
196,-0.101869574658838,0.305259405167312,0.101694915254237,-0.236253981627392,0.353214345690833,0.0584801820317206,-0.203969014800775,0.652183348484652,0.224107166841939,-0.00631383030437437,0.74040631018372,0.367046239939673,-0.296225965398604,0.262784616564506,-0.016720674417049,-0.539572954382957,0.0850427893086168,-0.22726508253717,-0.125906485297064,0.622356330042155,0.248224922372546,-0.312559327268329,0.527064437918589,0.10725255532513,579.500000282486
197,-0.10757622678098,0.321861941066694,0.107142857142857,-0.241288586783652,0.25651502894607,0.00761322108120886,-0.325822341643812,0.522060057048445,0.0981188577023164,0.0785808204427348,0.867234554212459,0.472907687327597,-0.295068851290093,0.603073701106187,0.154002424908047,-0.621884916309812,0.0721247371037815,-0.274880089603015,-0.0450379395381972,0.940618073590357,0.44779006702608,-0.358554670765569,0.464020360555589,0.0527328448950101,579.599984375
198,-0.109623195075061,0.327805013256879,0.109090909090909,-0.345789955067341,0.22485793437946,-0.0604660103439406,-0.508908993189861,0.4213013913215,-0.0438038009341805,0.125704757432985,0.955317985357789,0.540511371395387,-0.181892945128782,0.443780845964815,0.130943950418016,-0.729640449460105,0.152966776199265,-0.28833683663042,0.178945348142297,1.32408124507989,0.751513296611095,-0.472863208740289,0.393262815046697,-0.0398001968467961,579.699710727273
199,-0.117957863648392,0.35252576488296,0.117283950617284,-0.407219883033438,0.280405171711779,-0.0634073556608295,-0.538318841907291,0.452772400665129,-0.0427732206210812,0.0695753139612241,0.878058396380108,0.473816855170666,-0.12725740061979,0.906985742688604,0.389864171034407,-0.82686611630429,0.0375114752494257,-0.394677320527432,0.161201671123493,1.38518549174071,0.7731935814321,-0.625343784208984,0.157248272370551,-0.234047755919217,579.799678333333
200,-0.125245902809898,0.373611915881794,0.124183006535948,-0.388758877847705,0.396432681919009,0.00383690203565212,-0.562631126717368,0.387225794136145,-0.0877026662906116,-0.051809198871508,0.865164150144474,0.406677475636483,-0.152098897529374,1.03199015172864,0.439945627099632,-0.81291926808981,-0.0470806891573556,-0.429999978623583,0.28455671953668,1.55306704139987,0.918811880468274,-0.83837785671243,-0.0667035908186907,-0.45254072376556,579.899036601307
201,-0.12375119481113,0.368649153994804,0.122448979591837,-0.389289330836691,0.489560460631695,0.0501355648975022,-0.611519990118358,0.3169369636418,-0.147291513238279,-0.157873180022669,0.82500911188726,0.333567965932295,-0.181108809433482,0.964042981953471,0.391467086259994,-0.843646676632415,-0.0333919816726456,-0.43851932915253,0.31127420673463,1.76378836270976,1.0375312847222,-0.902005320228071,-0.0858974325244486,-0.49395137637626,579.999660544218
